0;130;0
5.1;130;0
5.151;130;0
5.201;130;100.22
5.253;130;100.22
5.302;130;100.22
5.352;130;127.4
5.401;130;127.4
5.451;130;127.4
5.501;130;128.29
5.551;130;128.29
5.601;130;128.29
5.652;130;127.84
5.702;130;127.84
5.751;130;127.84
5.802;130;128.29
5.851;130;128.29
5.901;130;128.29
5.952;130;128.29
6.002;130;128.29
6.051;130;128.29
6.102;130;128.29
6.153;130;128.29
6.201;130;128.29
6.251;130;128.29
6.301;130;128.29
6.352;130;128.29
6.402;130;128.29
6.452;130;128.29
6.502;130;128.29
6.551;130;128.73
6.601;130;128.73
6.651;130;128.73
6.702;130;128.29
6.752;130;128.29
6.801;130;128.29
6.851;130;128.29
6.902;130;128.29
6.951;130;128.29
7.001;130;128.73
7.052;130;128.73
7.102;130;128.73
7.152;130;128.29
7.203;130;128.29
7.252;130;128.29
7.301;130;128.29
7.351;130;128.29
7.401;130;128.29
7.451;130;128.29
7.502;130;128.29
7.552;130;128.29
7.602;130;128.29
7.652;130;128.29
7.702;130;128.29
7.751;130;128.73
7.801;130;128.73
7.851;130;128.73
7.901;130;128.29
7.952;130;128.29
8.001;130;128.29
8.052;130;128.73
8.102;130;128.73
8.151;130;128.73
8.202;130;128.29
8.251;130;128.29
8.302;130;128.29
8.352;130;128.73
8.402;130;128.73
8.451;130;128.73
8.502;130;128.29
8.551;130;128.29
8.602;130;128.29
8.652;130;128.29
8.701;130;128.29
8.751;130;128.29
8.801;130;128.29
8.851;130;128.29
8.902;130;128.29
8.951;130;128.29
9.001;130;128.29
9.052;130;128.29
9.101;130;128.29
9.151;130;128.29
9.201;130;128.29
9.252;130;128.29
9.301;130;128.29
9.352;130;128.29
9.402;130;128.73
9.452;130;128.73
9.502;130;128.73
9.552;130;128.29
9.601;130;128.29
9.651;130;128.29
9.702;130;128.73
9.751;130;128.73
9.801;130;128.73
9.852;130;128.29
9.902;130;128.29
9.951;130;128.29
10.001;130;128.73
10.051;0;128.73
10.102;0;128.73
10.153;0;119.82
10.202;0;119.82
10.252;0;119.82
10.302;0;84.63
10.351;0;84.63
10.401;0;84.63
10.452;0;52.56
10.502;0;52.56
10.552;0;52.56
10.602;0;25.84
10.652;0;25.84
10.702;0;25.84
10.751;0;6.24
10.802;0;6.24
10.851;0;6.24
10.902;0;0
10.951;0;0
11.001;0;0
11.051;0;0
11.102;0;0
11.152;0;0
11.201;0;0
11.252;0;0
11.302;0;0
11.351;0;0
11.402;0;0
11.451;0;0
11.501;0;0
11.552;0;0
11.601;0;0
11.652;0;0
11.702;0;0
11.752;0;0
11.801;0;0
11.851;0;0
11.901;0;0
11.952;0;0
12.001;0;0
12.051;0;0
12.101;0;0
12.151;0;0
12.201;0;0
12.252;0;0
12.301;0;0
12.352;0;0
12.402;0;0
12.451;0;0
12.501;0;0
12.552;0;0
12.602;0;0
12.651;0;0
12.701;0;0
12.752;0;0
12.801;0;0
12.851;0;0
12.901;0;0
12.951;0;0
13.002;0;0
13.051;0;0
13.102;0;0
13.152;0;0
13.201;0;0
13.251;0;0
13.301;0;0
13.351;0;0
13.403;0;0
13.451;0;0
13.501;0;0
13.551;0;0
13.601;0;0
13.651;0;0
13.702;0;0
13.751;0;0
13.801;0;0
13.851;0;0
13.901;0;0
13.952;0;0
14.002;0;0
14.051;0;0
14.101;0;0
14.151;0;0
14.201;0;0
14.251;0;0
14.302;0;0
14.351;0;0
14.402;0;0
14.452;0;0
14.502;0;0
14.551;0;0
14.602;0;0
14.652;0;0
14.702;0;0
14.752;0;0
14.802;0;0
14.852;0;0
14.901;0;0
14.951;0;0
15.002;0;0
15.051;130;0
15.1;130;21.38
15.151;130;21.38
15.201;130;21.38
15.251;130;121.61
15.303;130;121.61
15.351;130;121.61
15.402;130;127.84
15.451;130;127.84
15.501;130;127.84
15.552;130;128.73
15.602;130;128.73
15.652;130;128.73
15.701;130;128.73
15.752;130;128.73
15.801;130;128.73
15.851;130;128.29
15.901;130;128.29
15.952;130;128.29
16.001;130;128.73
16.052;130;128.73
16.102;130;128.73
16.151;130;128.73
16.202;130;128.73
16.251;130;128.73
16.301;130;128.73
16.351;130;128.73
16.401;130;128.73
16.451;130;128.73
16.501;130;128.73
16.552;130;128.73
16.602;130;128.29
16.651;130;128.29
16.702;130;128.29
16.751;130;128.73
16.801;130;128.73
16.851;130;128.73
16.902;130;128.73
16.952;130;128.73
17.001;130;128.73
17.051;130;128.73
17.101;130;128.73
17.151;130;128.73
17.202;130;128.73
17.252;130;128.73
17.301;130;128.73
17.351;130;128.73
17.401;130;128.73
17.452;130;128.73
17.502;130;128.73
17.551;130;128.73
17.602;130;128.73
17.651;130;128.73
17.701;130;128.73
17.751;130;128.73
17.801;130;128.73
17.851;130;128.73
17.901;130;128.73
17.952;130;128.73
18.001;130;128.73
18.051;130;128.73
18.102;130;128.73
18.151;130;128.73
18.201;130;128.73
18.252;130;128.73
18.302;130;128.73
18.351;130;128.73
18.401;130;128.73
18.451;130;128.73
18.501;130;128.73
18.551;130;128.73
18.602;130;128.73
18.651;130;128.73
18.701;130;128.29
18.751;130;128.29
18.802;130;128.29
18.852;130;128.73
18.902;130;128.73
18.951;130;128.73
19.001;130;128.73
19.051;130;128.73
19.102;130;128.73
19.151;130;128.73
19.202;130;128.73
19.252;130;128.73
19.301;130;128.29
19.351;130;128.29
19.401;130;128.29
19.452;130;128.29
19.501;130;128.29
19.551;130;128.29
19.602;130;128.73
19.651;130;128.73
19.701;130;128.73
19.751;130;128.73
19.801;130;128.73
19.851;130;128.73
19.902;130;128.29
19.952;130;128.29
20.001;130;128.29
20.051;0;128.73
20.101;0;128.73
20.152;0;128.73
20.203;0;109.58
20.253;0;109.58
20.302;0;109.58
20.352;0;73.5
20.402;0;73.5
20.451;0;73.5
20.501;0;43.21
20.551;0;43.21
20.602;0;43.21
20.651;0;17.37
20.702;0;17.37
20.751;0;17.37
20.801;0;2.23
20.851;0;2.23
20.901;0;2.23
20.952;0;0
21.001;0;0
21.051;0;0
21.101;0;0
21.151;0;0
21.201;0;0
21.251;0;0
21.302;0;0
21.351;0;0
21.402;0;0
21.452;0;0
21.501;0;0
21.551;0;0
21.601;0;0
21.651;0;0
21.701;0;0
21.752;0;0
21.802;0;0
21.852;0;0
21.901;0;0
21.951;0;0
22.002;0;0
22.051;0;0
22.101;0;0
22.152;0;0
22.201;0;0
22.251;0;0
22.301;0;0
22.352;0;0
22.401;0;0
22.452;0;0
22.501;0;0
22.552;0;0
22.602;0;0
22.652;0;0
22.701;0;0
22.752;0;0
22.801;0;0
22.851;0;0
22.901;0;0
22.951;0;0
23.002;0;0
23.051;0;0
23.101;0;0
23.151;0;0
23.202;0;0
23.251;0;0
23.301;0;0
23.352;0;0
23.401;0;0
23.451;0;0
23.501;0;0
23.551;0;0
23.602;0;0
23.651;0;0
23.701;0;0
23.751;0;0
23.801;0;0
23.851;0;0
23.901;0;0
23.951;0;0
24.001;0;0
24.051;0;0
24.101;0;0
24.151;0;0
24.202;0;0
24.251;0;0
24.301;0;0
24.351;0;0
24.401;0;0
24.451;0;0
24.501;0;0
24.551;0;0
24.602;0;0
24.651;0;0
24.702;0;0
24.752;0;0
24.801;0;0
24.851;0;0
24.901;0;0
24.952;0;0
25.001;0;0
25.051;130;0
25.1;130;0
25.151;130;59.24
25.2;130;59.24
25.251;130;59.24
25.301;130;126.06
25.351;130;126.06
25.401;130;126.06
25.452;130;127.84
25.502;130;127.84
25.551;130;127.84
25.602;130;127.84
25.651;130;127.84
25.701;130;127.84
25.751;130;128.73
25.801;130;128.73
25.851;130;128.73
25.901;130;128.73
25.951;130;128.73
26.001;130;128.73
26.051;130;128.29
26.101;130;128.29
26.151;130;128.29
26.201;130;128.73
26.252;130;128.73
26.302;130;128.73
26.351;130;128.73
26.401;130;128.73
26.452;130;128.73
26.501;130;128.73
26.551;130;128.73
26.601;130;128.73
26.652;130;129.18
26.701;130;129.18
26.751;130;129.18
26.801;130;128.73
26.851;130;128.73
26.902;130;128.73
26.952;130;128.73
27.001;130;128.73
27.051;130;128.73
27.101;130;128.73
27.151;130;128.73
27.202;130;128.73
27.251;130;129.18
27.301;130;129.18
27.351;130;129.18
27.401;130;128.73
27.451;130;128.73
27.501;130;128.73
27.552;130;128.73
27.601;130;128.73
27.651;130;128.73
27.702;130;129.18
27.752;130;129.18
27.801;130;129.18
27.851;130;128.73
27.901;130;128.73
27.951;130;128.73
28.001;130;128.73
28.051;130;128.73
28.101;130;128.73
28.151;130;128.73
28.201;130;128.73
28.251;130;128.73
28.301;130;128.73
28.351;130;128.73
28.402;130;128.73
28.451;130;128.73
28.501;130;128.73
28.551;130;128.73
28.602;130;128.73
28.651;130;128.73
28.702;130;128.73
28.751;130;128.73
28.802;130;128.73
28.851;130;128.73
28.901;130;128.73
28.951;130;128.73
29.001;130;128.73
29.052;130;128.73
29.102;130;128.73
29.151;130;128.73
29.201;130;128.73
29.251;130;128.73
29.301;130;128.73
29.351;130;129.18
29.401;130;129.18
29.451;130;129.18
29.501;130;128.73
29.551;130;128.73
29.601;130;128.73
29.651;130;129.18
29.701;130;129.18
29.752;130;129.18
29.801;130;129.18
29.851;130;129.18
29.901;130;129.18
29.951;130;128.73
30.001;130;128.73
30.051;0;128.73
30.102;0;126.95
30.152;0;126.95
30.203;0;126.95
30.253;0;97.11
30.301;0;97.11
30.352;0;97.11
30.401;0;63.7
30.452;0;63.7
30.501;0;63.7
30.552;0;34.3
30.602;0;34.3
30.651;0;34.3
30.701;0;10.69
30.751;0;10.69
30.802;0;10.69
30.851;0;0.45
30.901;0;0.45
30.951;0;0.45
31.001;0;0
31.051;0;0
31.101;0;0
31.151;0;0
31.201;0;0
31.251;0;0
31.302;0;0
31.351;0;0
31.401;0;0
31.451;0;0
31.502;0;0
31.551;0;0
31.601;0;0
31.652;0;0
31.702;0;0
31.751;0;0
31.801;0;0
31.851;0;0
31.901;0;0
31.951;0;0
32.001;0;0
32.052;0;0
32.101;0;0
32.151;0;0
32.201;0;0
32.251;0;0
32.301;0;0
32.351;0;0
32.401;0;0
32.451;0;0
32.501;0;0
32.551;0;0
32.601;0;0
32.651;0;0
32.702;0;0
32.751;0;0
32.801;0;0
32.851;0;0
32.901;0;0
32.951;0;0
33.001;0;0
33.052;0;0
33.101;0;0
33.152;0;0
33.201;0;0
33.251;0;0
33.301;0;0
33.351;0;0
33.401;0;0
33.451;0;0
33.501;0;0
33.551;0;0
33.601;0;0
33.652;0;0
33.701;0;0
33.751;0;0
33.801;0;0
33.851;0;0
33.901;0;0
33.951;0;0
34.002;0;0
34.051;0;0
34.101;0;0
34.151;0;0
34.201;0;0
34.251;0;0
34.301;0;0
34.351;0;0
34.401;0;0
34.451;0;0
34.501;0;0
34.551;0;0
34.602;0;0
34.651;0;0
34.701;0;0
34.75;0;0
34.801;0;0
34.852;0;0
34.902;0;0
34.953;0;0
35.003;0;0
35.052;130;0
35.101;130;0
35.151;130;0
35.202;130;102.01
35.252;130;102.01
35.302;130;102.01
35.352;130;127.4
35.402;130;127.4
35.451;130;127.4
35.501;130;128.29
35.552;130;128.29
35.601;130;128.29
35.651;130;128.73
35.701;130;128.73
35.751;130;128.73
35.801;130;128.73
35.851;130;128.73
35.901;130;128.73
35.952;130;129.18
36.001;130;129.18
36.052;130;129.18
36.101;130;128.73
36.152;130;128.73
36.201;130;128.73
36.251;130;129.18
36.301;130;129.18
36.351;130;129.18
36.401;130;128.73
36.452;130;128.73
36.501;130;128.73
36.552;130;129.18
36.601;130;129.18
36.651;130;129.18
36.701;130;129.18
36.752;130;129.18
36.801;130;129.18
36.852;130;128.73
36.902;130;128.73
36.951;130;128.73
37;130;129.18
37.052;130;129.18
37.101;130;129.18
37.152;130;129.18
37.201;130;129.18
37.251;130;129.18
37.302;130;128.73
37.351;130;128.73
37.402;130;128.73
37.451;130;129.18
37.502;130;129.18
37.552;130;129.18
37.601;130;129.18
37.652;130;129.18
37.701;130;129.18
37.751;130;129.18
37.801;130;129.18
37.851;130;129.18
37.903;130;129.18
37.951;130;129.18
38.001;130;129.18
38.052;130;128.73
38.101;130;128.73
38.152;130;128.73
38.201;130;129.18
38.251;130;129.18
38.301;130;129.18
38.351;130;128.73
38.402;130;128.73
38.452;130;128.73
38.501;130;128.73
38.552;130;128.73
38.601;130;128.73
38.652;130;129.18
38.701;130;129.18
38.751;130;129.18
38.801;130;129.18
38.851;130;129.18
38.902;130;129.18
38.952;130;129.18
39.001;130;129.18
39.051;130;129.18
39.101;130;129.18
39.151;130;129.18
39.201;130;129.18
39.251;130;129.18
39.302;130;129.18
39.351;130;129.18
39.402;130;129.18
39.451;130;129.18
39.501;130;129.18
39.551;130;129.18
39.601;130;129.18
39.652;130;129.18
39.701;130;129.18
39.751;130;129.18
39.801;130;129.18
39.851;130;129.18
39.901;130;129.18
39.951;130;129.18
40.001;130;129.18
40.051;0;129.18
40.102;0;129.18
40.153;0;120.27
40.202;0;120.27
40.252;0;120.27
40.302;0;85.08
40.351;0;85.08
40.403;0;85.08
40.452;0;53.01
40.502;0;53.01
40.552;0;53.01
40.602;0;25.84
40.651;0;25.84
40.702;0;25.84
40.752;0;4.9
40.802;0;4.9
40.851;0;4.9
40.902;0;0
40.951;0;0
41.001;0;0
41.051;0;0
41.102;0;0
41.151;0;0
41.202;0;0
41.251;0;0
41.302;0;0
41.351;0;0
41.403;0;0
41.452;0;0
41.501;0;0
41.551;0;0
41.602;0;0
41.652;0;0
41.701;0;0
41.751;0;0
41.802;0;0
41.852;0;0
41.902;0;0
41.951;0;0
42.001;0;0
42.051;0;0
42.102;0;0
42.152;0;0
42.202;0;0
42.251;0;0
42.301;0;0
42.351;0;0
42.402;0;0
42.451;0;0
42.501;0;0
42.551;0;0
42.601;0;0
42.652;0;0
42.701;0;0
42.751;0;0
42.801;0;0
42.851;0;0
42.902;0;0
42.952;0;0
43.001;0;0
43.051;0;0
43.101;0;0
43.152;0;0
43.201;0;0
43.251;0;0
43.302;0;0
43.351;0;0
43.402;0;0
43.451;0;0
43.501;0;0
43.552;0;0
43.601;0;0
43.652;0;0
43.701;0;0
43.751;0;0
43.801;0;0
43.851;0;0
43.902;0;0
43.952;0;0
44.001;0;0
44.051;0;0
44.101;0;0
44.151;0;0
44.201;0;0
44.251;0;0
44.302;0;0
44.353;0;0
44.402;0;0
44.452;0;0
44.501;0;0
44.551;0;0
44.601;0;0
44.652;0;0
44.701;0;0
44.751;0;0
44.801;0;0
44.851;0;0
44.901;0;0
44.951;0;0
45.001;0;0
45.052;130;0
45.101;130;21.83
45.152;130;21.83
45.201;130;21.83
45.251;130;122.5
45.301;130;122.5
45.351;130;122.5
45.402;130;127.84
45.451;130;127.84
45.501;130;127.84
45.552;130;128.29
45.601;130;128.29
45.652;130;128.29
45.702;130;128.73
45.751;130;128.73
45.802;130;128.73
45.851;130;129.18
45.902;130;129.18
45.951;130;129.18
46.001;130;128.73
46.051;130;128.73
46.101;130;128.73
46.152;130;128.73
46.202;130;128.73
46.251;130;128.73
46.301;130;128.73
46.351;130;128.73
46.402;130;128.73
46.451;130;128.73
46.501;130;128.73
46.551;130;128.73
46.601;130;128.73
46.651;130;128.73
46.702;130;128.73
46.752;130;129.18
46.801;130;129.18
46.851;130;129.18
46.902;130;128.73
46.951;130;128.73
47.001;130;128.73
47.052;130;128.73
47.102;130;128.73
47.152;130;128.73
47.201;130;128.73
47.251;130;128.73
47.301;130;128.73
47.351;130;129.18
47.402;130;129.18
47.452;130;129.18
47.501;130;128.73
47.551;130;128.73
47.601;130;128.73
47.652;130;129.18
47.701;130;129.18
47.751;130;129.18
47.802;130;128.73
47.852;130;128.73
47.901;130;128.73
47.952;130;129.18
48.001;130;129.18
48.051;130;129.18
48.101;130;129.18
48.152;130;129.18
48.201;130;129.18
48.251;130;129.18
48.301;130;129.18
48.351;130;129.18
48.402;130;129.18
48.451;130;129.18
48.501;130;129.18
48.551;130;129.18
48.602;130;129.18
48.651;130;129.18
48.702;130;129.18
48.751;130;129.18
48.802;130;129.18
48.851;130;129.18
48.902;130;129.18
48.951;130;129.18
49.001;130;129.18
49.051;130;129.18
49.101;130;129.18
49.152;130;129.18
49.201;130;129.18
49.252;130;129.18
49.301;130;129.18
49.351;130;129.18
49.402;130;129.18
49.451;130;129.18
49.501;130;129.18
49.551;130;129.18
49.601;130;129.18
49.652;130;129.18
49.701;130;129.18
49.751;130;129.18
49.801;130;129.18
49.851;130;129.18
49.901;130;129.62
49.952;130;129.62
50.001;130;129.62
50.051;0;129.18
50.102;0;129.18
50.153;0;129.18
50.202;0;109.58
50.253;0;109.58
50.303;0;109.58
50.352;0;73.94
50.401;0;73.94
50.452;0;73.94
50.501;0;43.65
50.552;0;43.65
50.601;0;43.65
50.652;0;17.37
50.702;0;17.37
50.752;0;17.37
50.801;0;2.23
50.851;0;2.23
50.902;0;2.23
50.952;0;0
51.001;0;0
51.051;0;0
51.102;0;0
51.152;0;0
51.202;0;0
51.251;0;0
51.301;0;0
51.351;0;0
51.401;0;0
51.451;0;0
51.502;0;0
51.552;0;0
51.602;0;0
51.651;0;0
51.702;0;0
51.751;0;0
51.802;0;0
51.851;0;0
51.902;0;0
51.951;0;0
52.001;0;0
52.051;0;0
52.101;0;0
52.151;0;0
52.201;0;0
52.251;0;0
52.301;0;0
52.351;0;0
52.402;0;0
52.451;0;0
52.501;0;0
52.551;0;0
52.602;0;0
52.652;0;0
52.701;0;0
52.751;0;0
52.801;0;0
52.851;0;0
52.901;0;0
52.951;0;0
53.002;0;0
53.052;0;0
53.102;0;0
53.152;0;0
53.201;0;0
53.251;0;0
53.302;0;0
53.351;0;0
53.402;0;0
53.452;0;0
53.501;0;0
53.551;0;0
53.601;0;0
53.651;0;0
53.701;0;0
53.751;0;0
53.802;0;0
53.851;0;0
53.902;0;0
53.951;0;0
54.001;0;0
54.051;0;0
54.102;0;0
54.151;0;0
54.201;0;0
54.251;0;0
54.302;0;0
54.351;0;0
54.401;0;0
54.452;0;0
54.501;0;0
54.551;0;0
54.601;0;0
54.652;0;0
54.701;0;0
54.751;0;0
54.801;0;0
54.851;0;0
54.902;0;0
54.951;0;0
55.001;0;0
55.052;130;0
55.101;130;0
55.151;130;60.13
55.2;130;60.13
55.251;130;60.13
55.301;130;126.95
55.351;130;126.95
55.402;130;126.95
55.451;130;128.29
55.501;130;128.29
55.551;130;128.29
55.601;130;129.18
55.651;130;129.18
55.701;130;129.18
55.751;130;129.18
55.801;130;129.18
55.851;130;129.18
55.901;130;129.18
55.951;130;129.18
56.001;130;129.18
56.051;130;129.18
56.101;130;129.18
56.152;130;129.18
56.201;130;129.18
56.251;130;129.18
56.301;130;129.18
56.352;130;129.18
56.402;130;129.18
56.451;130;129.18
56.501;130;129.18
56.551;130;129.18
56.602;130;129.18
56.651;130;129.18
56.702;130;129.18
56.752;130;129.18
56.801;130;129.18
56.851;130;129.18
56.901;130;129.18
56.95;130;129.18
57.001;130;129.18
57.052;130;129.18
57.101;130;129.18
57.152;130;129.18
57.201;130;129.18
57.252;130;129.18
57.302;130;129.18
57.352;130;129.18
57.403;130;129.18
57.452;130;129.18
57.502;130;129.18
57.553;130;129.18
57.602;130;129.18
57.653;130;129.18
57.703;130;129.18
57.753;130;129.18
57.802;130;129.18
57.853;130;129.18
57.902;130;129.18
57.952;130;129.18
58.002;130;129.18
58.052;130;129.18
58.103;130;129.18
58.152;130;129.62
58.202;130;129.62
58.252;130;129.62
58.302;130;129.18
58.352;130;129.18
58.402;130;129.18
58.452;130;129.62
58.502;130;129.62
58.552;130;129.62
58.602;130;129.18
58.652;130;129.18
58.702;130;129.18
58.752;130;129.62
58.802;130;129.62
58.853;130;129.62
58.902;130;129.62
58.952;130;129.62
59.002;130;129.62
59.052;130;129.62
59.103;130;129.62
59.152;130;129.62
59.202;130;129.62
59.253;130;129.62
59.302;130;129.62
59.352;130;129.62
59.402;130;129.62
59.452;130;129.62
59.502;130;129.18
59.552;130;129.18
59.602;130;129.18
59.652;130;130.07
59.702;130;130.07
59.752;130;130.07
59.802;130;129.62
59.852;130;129.62
59.902;130;129.62
59.952;130;129.62
60.002;130;129.62
60.052;0;129.62
60.102;0;127.4
60.153;0;127.4
60.203;0;127.4
60.252;0;97.55
60.303;0;97.55
60.353;0;97.55
60.403;0;63.25
60.452;0;63.25
60.502;0;63.25
60.552;0;34.3
60.603;0;34.3
60.652;0;34.3
60.703;0;10.25
60.753;0;10.25
60.802;0;10.25
60.852;0;0.89
60.902;0;0.89
60.951;0;0.89
61.002;0;0
61.052;0;0
61.102;0;0
61.151;0;0
61.201;0;0
61.252;0;0
61.302;0;0
61.352;0;0
61.402;0;0
61.452;0;0
61.502;0;0
61.552;0;0
61.602;0;0
61.652;0;0
61.702;0;0
61.752;0;0
61.802;0;0
61.852;0;0
61.902;0;0
61.952;0;0
62.001;0;0
62.052;0;0
62.102;0;0
62.153;0;0
62.201;0;0
62.252;0;0
62.302;0;0
62.352;0;0
62.402;0;0
62.452;0;0
62.502;0;0
62.551;0;0
62.602;0;0
62.652;0;0
62.702;0;0
62.752;0;0
62.802;0;0
62.852;0;0
62.902;0;0
62.952;0;0
63.002;0;0
63.052;0;0
63.101;0;0
63.152;0;0
63.202;0;0
63.251;0;0
63.302;0;0
63.352;0;0
63.402;0;0
63.452;0;0
63.503;0;0
63.552;0;0
63.602;0;0
63.652;0;0
63.702;0;0
63.752;0;0
63.802;0;0
63.852;0;0
63.901;0;0
63.952;0;0
64.001;0;0
64.052;0;0
64.101;0;0
64.151;0;0
64.201;0;0
64.251;0;0
64.302;0;0
64.352;0;0
64.402;0;0
64.451;0;0
64.502;0;0
64.552;0;0
64.602;0;0
64.652;0;0
64.702;0;0
64.751;0;0
64.801;0;0
64.851;0;0
64.902;0;0
64.952;0;0
65.002;0;0
65.052;130;0
65.101;130;0
65.151;130;0
65.202;130;102.01
65.252;130;102.01
65.302;130;102.01
65.351;130;128.29
65.402;130;128.29
65.452;130;128.29
65.502;130;128.73
65.552;130;128.73
65.602;130;128.73
65.651;130;128.73
65.702;130;128.73
65.752;130;128.73
65.802;130;128.73
65.852;130;128.73
65.902;130;128.73
65.952;130;129.18
66.002;130;129.18
66.052;130;129.18
66.103;130;129.18
66.152;130;129.18
66.201;130;129.18
66.251;130;129.18
66.302;130;129.18
66.351;130;129.18
66.402;130;129.18
66.452;130;129.18
66.501;130;129.18
66.552;130;129.62
66.601;130;129.62
66.651;130;129.62
66.702;130;129.18
66.752;130;129.18
66.802;130;129.18
66.852;130;129.18
66.902;130;129.18
66.951;130;129.18
67.001;130;129.18
67.052;130;129.18
67.102;130;129.18
67.152;130;129.18
67.202;130;129.18
67.252;130;129.18
67.302;130;129.18
67.352;130;129.18
67.401;130;129.18
67.451;130;129.18
67.502;130;129.18
67.552;130;129.18
67.601;130;129.18
67.651;130;129.18
67.701;130;129.18
67.752;130;129.18
67.802;130;129.18
67.852;130;129.18
67.902;130;129.18
67.951;130;129.18
68.002;130;129.18
68.052;130;129.18
68.102;130;129.18
68.152;130;129.18
68.202;130;129.18
68.251;130;129.18
68.301;130;129.18
68.352;130;129.18
68.402;130;129.18
68.452;130;129.18
68.501;130;129.62
68.552;130;129.62
68.602;130;129.62
68.652;130;129.18
68.702;130;129.18
68.751;130;129.18
68.801;130;129.62
68.852;130;129.62
68.902;130;129.62
68.952;130;129.18
69.001;130;129.18
69.052;130;129.18
69.101;130;129.62
69.152;130;129.62
69.202;130;129.62
69.251;130;129.18
69.301;130;129.18
69.351;130;129.18
69.401;130;129.62
69.452;130;129.62
69.501;130;129.62
69.552;130;129.62
69.602;130;129.62
69.652;130;129.62
69.701;130;129.62
69.751;130;129.62
69.801;130;129.62
69.851;130;129.62
69.902;130;129.62
69.951;130;129.62
70.001;130;129.62
70.052;0;129.62
70.102;0;129.62
70.152;0;121.16
70.203;0;121.16
70.252;0;121.16
70.302;0;85.53
70.353;0;85.53
70.403;0;85.53
70.453;0;53.01
70.502;0;53.01
70.553;0;53.01
70.602;0;26.28
70.652;0;26.28
70.702;0;26.28
70.752;0;4.9
70.802;0;4.9
70.851;0;4.9
70.902;0;0
70.952;0;0
71.001;0;0
71.051;0;0
71.101;0;0
71.151;0;0
71.201;0;0
71.252;0;0
71.302;0;0
71.352;0;0
71.402;0;0
71.452;0;0
71.502;0;0
71.551;0;0
71.602;0;0
71.651;0;0
71.701;0;0
71.751;0;0
71.802;0;0
71.852;0;0
71.902;0;0
71.952;0;0
72.002;0;0
72.052;0;0
72.102;0;0
72.152;0;0
72.201;0;0
72.251;0;0
72.301;0;0
72.351;0;0
72.402;0;0
72.452;0;0
72.502;0;0
72.552;0;0
72.602;0;0
72.652;0;0
72.701;0;0
72.751;0;0
72.801;0;0
72.851;0;0
72.902;0;0
72.952;0;0
73.002;0;0
73.052;0;0
73.101;0;0
73.152;0;0
73.202;0;0
73.251;0;0
73.302;0;0
73.352;0;0
73.401;0;0
73.451;0;0
73.502;0;0
73.551;0;0
73.601;0;0
73.651;0;0
73.701;0;0
73.752;0;0
73.801;0;0
73.852;0;0
73.901;0;0
73.952;0;0
74.003;0;0
74.051;0;0
74.102;0;0
74.152;0;0
74.201;0;0
74.252;0;0
74.302;0;0
74.351;0;0
74.401;0;0
74.452;0;0
74.501;0;0
74.552;0;0
74.602;0;0
74.652;0;0
74.701;0;0
74.752;0;0
74.801;0;0
74.852;0;0
74.901;0;0
74.952;0;0
75.001;0;0
75.052;130;0
75.101;130;21.83
75.151;130;21.83
75.201;130;21.83
75.251;130;122.94
75.302;130;122.94
75.351;130;122.94
75.401;130;128.73
75.452;130;128.73
75.501;130;128.73
75.552;130;129.18
75.602;130;129.18
75.652;130;129.18
75.701;130;129.62
75.752;130;129.62
75.801;130;129.62
75.852;130;129.62
75.902;130;129.62
75.951;130;129.62
76.001;130;129.62
76.052;130;129.62
76.101;130;129.62
76.152;130;129.62
76.201;130;129.62
76.252;130;129.62
76.302;130;129.62
76.352;130;129.62
76.402;130;129.62
76.452;130;129.62
76.501;130;129.62
76.552;130;129.62
76.601;130;129.62
76.652;130;129.62
76.702;130;129.62
76.752;130;129.62
76.802;130;129.62
76.852;130;129.62
76.902;130;129.62
76.951;130;129.62
77.001;130;129.62
77.052;130;129.62
77.102;130;129.62
77.152;130;129.62
77.202;130;130.07
77.251;130;130.07
77.302;130;130.07
77.351;130;129.62
77.402;130;129.62
77.452;130;129.62
77.502;130;130.07
77.551;130;130.07
77.601;130;130.07
77.652;130;130.07
77.701;130;130.07
77.751;130;130.07
77.802;130;129.62
77.852;130;129.62
77.901;130;129.62
77.952;130;130.07
78.001;130;130.07
78.051;130;130.07
78.102;130;130.07
78.152;130;130.07
78.202;130;130.07
78.251;130;130.07
78.302;130;130.07
78.351;130;130.07
78.402;130;130.07
78.451;130;130.07
78.502;130;130.07
78.551;130;130.07
78.602;130;130.07
78.652;130;130.07
78.701;130;130.07
78.751;130;130.07
78.801;130;130.07
78.851;130;130.07
78.902;130;130.07
78.951;130;130.07
79.002;130;129.62
79.052;130;129.62
79.101;130;129.62
79.152;130;130.07
79.202;130;130.07
79.251;130;130.07
79.301;130;130.07
79.351;130;130.07
79.403;130;130.07
79.451;130;130.07
79.502;130;130.07
79.551;130;130.07
79.601;130;130.07
79.652;130;130.07
79.701;130;130.07
79.752;130;129.62
79.801;130;129.62
79.851;130;129.62
79.902;130;130.07
79.951;130;130.07
80.001;130;130.07
80.051;0;130.07
80.102;0;130.07
80.152;0;130.07
80.202;0;110.47
80.252;0;110.47
80.302;0;110.47
80.352;0;74.39
80.402;0;74.39
80.452;0;74.39
80.502;0;43.65
80.552;0;43.65
80.602;0;43.65
80.652;0;17.82
80.701;0;17.82
80.752;0;17.82
80.802;0;2.67
80.852;0;2.67
80.902;0;2.67
80.952;0;0
81.001;0;0
81.051;0;0
81.101;0;0
81.152;0;0
81.201;0;0
81.252;0;0
81.301;0;0
81.351;0;0
81.402;0;0
81.451;0;0
81.501;0;0
81.552;0;0
81.601;0;0
81.652;0;0
81.701;0;0
81.751;0;0
81.802;0;0
81.851;0;0
81.901;0;0
81.952;0;0
82.002;0;0
82.052;0;0
82.101;0;0
82.151;0;0
82.201;0;0
82.251;0;0
82.303;0;0
82.351;0;0
82.402;0;0
82.451;0;0
82.502;0;0
82.552;0;0
82.602;0;0
82.652;0;0
82.701;0;0
82.751;0;0
82.801;0;0
82.851;0;0
82.901;0;0
82.951;0;0
83.001;0;0
83.051;0;0
83.101;0;0
83.152;0;0
83.202;0;0
83.252;0;0
83.301;0;0
83.352;0;0
83.402;0;0
83.452;0;0
83.502;0;0
83.551;0;0
83.601;0;0
83.652;0;0
83.702;0;0
83.751;0;0
83.801;0;0
83.851;0;0
83.902;0;0
83.952;0;0
84.001;0;0
84.052;0;0
84.101;0;0
84.151;0;0
84.201;0;0
84.251;0;0
84.301;0;0
84.351;0;0
84.401;0;0
84.451;0;0
84.501;0;0
84.551;0;0
84.601;0;0
84.652;0;0
84.701;0;0
84.751;0;0
84.802;0;0
84.852;0;0
84.901;0;0
84.951;0;0
85.001;0;0
85.051;130;0
85.1;130;0
85.15;130;60.58
85.201;130;60.58
85.251;130;60.58
85.301;130;127.4
85.351;130;127.4
85.401;130;127.4
85.452;130;128.73
85.502;130;128.73
85.551;130;128.73
85.601;130;129.18
85.652;130;129.18
85.701;130;129.18
85.751;130;129.18
85.801;130;129.18
85.851;130;129.18
85.901;130;129.18
85.951;130;129.18
86.002;130;129.18
86.051;130;129.18
86.102;130;129.18
86.152;130;129.18
86.201;130;129.18
86.253;130;129.18
86.302;130;129.18
86.351;130;129.62
86.402;130;129.62
86.451;130;129.62
86.501;130;129.18
86.552;130;129.18
86.601;130;129.18
86.651;130;128.73
86.702;130;128.73
86.752;130;128.73
86.802;130;129.18
86.851;130;129.18
86.902;130;129.18
86.951;130;129.62
87.002;130;129.62
87.052;130;129.62
87.101;130;129.18
87.152;130;129.18
87.201;130;129.18
87.251;130;129.62
87.301;130;129.62
87.351;130;129.62
87.401;130;129.62
87.452;130;129.62
87.501;130;129.62
87.552;130;129.62
87.602;130;129.62
87.652;130;129.62
87.702;130;129.62
87.751;130;129.62
87.801;130;129.62
87.851;130;129.62
87.901;130;129.62
87.951;130;129.62
88.001;130;129.62
88.051;130;129.62
88.101;130;129.62
88.152;130;129.62
88.201;130;129.62
88.252;130;129.62
88.301;130;130.07
88.351;130;130.07
88.402;130;130.07
88.451;130;129.62
88.501;130;129.62
88.552;130;129.62
88.601;130;129.62
88.652;130;129.62
88.701;130;129.62
88.751;130;129.62
88.801;130;129.62
88.851;130;129.62
88.902;130;129.62
88.951;130;129.62
89.001;130;129.62
89.052;130;129.62
89.102;130;129.62
89.153;130;129.62
89.201;130;129.62
89.251;130;129.62
89.301;130;129.62
89.351;130;129.62
89.402;130;129.62
89.452;130;129.62
89.502;130;130.07
89.551;130;130.07
89.601;130;130.07
89.651;130;129.62
89.701;130;129.62
89.752;130;129.62
89.802;130;130.07
89.852;130;130.07
89.902;130;130.07
89.952;130;129.62
90.002;130;129.62
90.052;0;129.62
90.102;0;127.84
90.153;0;127.84
90.202;0;127.84
90.252;0;97.55
90.301;0;97.55
90.352;0;97.55
90.403;0;63.7
90.451;0;63.7
90.501;0;63.7
90.552;0;34.3
90.603;0;34.3
90.653;0;34.3
90.702;0;10.69
90.752;0;10.69
90.801;0;10.69
90.852;0;0.45
90.902;0;0.45
90.952;0;0.45
91.002;0;0
91.052;0;0
91.101;0;0
91.151;0;0
91.201;0;0
91.251;0;0
91.302;0;0
91.352;0;0
91.402;0;0
91.451;0;0
91.501;0;0
91.552;0;0
91.604;0;0
91.652;0;0
91.701;0;0
91.752;0;0
91.801;0;0
91.851;0;0
91.901;0;0
91.951;0;0
92.003;0;0
92.052;0;0
92.101;0;0
92.152;0;0
92.201;0;0
92.251;0;0
92.301;0;0
92.352;0;0
92.402;0;0
92.452;0;0
92.501;0;0
92.551;0;0
92.601;0;0
92.651;0;0
92.702;0;0
92.752;0;0
92.802;0;0
92.851;0;0
92.902;0;0
92.952;0;0
93.001;0;0
93.051;0;0
93.101;0;0
93.151;0;0
93.201;0;0
93.251;0;0
93.301;0;0
93.351;0;0
93.402;0;0
93.451;0;0
93.502;0;0
93.551;0;0
93.601;0;0
93.652;0;0
93.701;0;0
93.751;0;0
93.802;0;0
93.851;0;0
93.902;0;0
93.951;0;0
94.002;0;0
94.051;0;0
94.102;0;0
94.152;0;0
94.201;0;0
94.251;0;0
94.302;0;0
94.352;0;0
94.402;0;0
94.451;0;0
94.501;0;0
94.552;0;0
94.601;0;0
94.652;0;0
94.701;0;0
94.751;0;0
94.801;0;0
94.852;0;0
94.901;0;0
94.951;0;0
95.001;0;0
95.052;130;0
95.1;130;0
95.151;130;0
95.2;130;102.01
95.252;130;102.01
95.301;130;102.01
95.352;130;127.84
95.402;130;127.84
95.451;130;127.84
95.502;130;128.73
95.552;130;128.73
95.602;130;128.73
95.652;130;129.18
95.702;130;129.18
95.751;130;129.18
95.801;130;128.73
95.851;130;128.73
95.901;130;128.73
95.952;130;129.18
96.002;130;129.18
96.052;130;129.18
96.101;130;129.18
96.152;130;129.18
96.201;130;129.18
96.251;130;129.18
96.301;130;129.18
96.351;130;129.18
96.402;130;129.18
96.451;130;129.18
96.502;130;129.18
96.552;130;129.62
96.601;130;129.62
96.652;130;129.62
96.702;130;129.18
96.752;130;129.18
96.802;130;129.18
96.851;130;129.18
96.902;130;129.18
96.951;130;129.18
97.002;130;129.18
97.051;130;129.18
97.101;130;129.18
97.152;130;129.18
97.201;130;129.18
97.252;130;129.18
97.302;130;129.62
97.352;130;129.62
97.401;130;129.62
97.451;130;129.18
97.502;130;129.18
97.552;130;129.18
97.602;130;129.62
97.651;130;129.62
97.701;130;129.62
97.751;130;129.18
97.802;130;129.18
97.852;130;129.18
97.902;130;129.62
97.952;130;129.62
98.001;130;129.62
98.051;130;129.62
98.102;130;129.62
98.151;130;129.62
98.201;130;129.62
98.252;130;129.62
98.301;130;129.62
98.351;130;129.62
98.402;130;129.62
98.451;130;129.62
98.502;130;129.18
98.551;130;129.18
98.601;130;129.18
98.652;130;129.18
98.701;130;129.18
98.752;130;129.18
98.802;130;129.62
98.852;130;129.62
98.901;130;129.62
98.952;130;130.07
99.002;130;130.07
99.051;130;130.07
99.101;130;129.62
99.151;130;129.62
99.201;130;129.62
99.252;130;129.62
99.302;130;129.62
99.351;130;129.62
99.402;130;129.62
99.451;130;129.62
99.503;130;129.62
99.552;130;129.62
99.601;130;129.62
99.651;130;129.62
99.702;130;130.07
99.752;130;130.07
99.801;130;130.07
99.851;130;129.62
99.901;130;129.62
99.951;130;129.62
100.001;130;130.07
100.051;0;130.07
100.102;0;130.07
100.152;0;120.72
100.203;0;120.72
100.252;0;120.72
100.302;0;85.53
100.352;0;85.53
100.402;0;85.53
100.453;0;53.01
100.502;0;53.01
100.551;0;53.01
100.602;0;25.84
100.651;0;25.84
100.702;0;25.84
100.752;0;4.9
100.801;0;4.9
100.851;0;4.9
100.902;0;0
100.951;0;0
101.001;0;0
101.051;0;0
101.101;0;0
101.152;0;0
101.201;0;0
101.252;0;0
101.301;0;0
101.351;0;0
101.401;0;0
101.451;0;0
101.501;0;0
101.551;0;0
101.602;0;0
101.651;0;0
101.701;0;0
101.752;0;0
101.801;0;0
101.852;0;0
101.902;0;0
101.951;0;0
102.002;0;0
102.051;0;0
102.101;0;0
102.151;0;0
102.202;0;0
102.252;0;0
102.301;0;0
102.351;0;0
102.401;0;0
102.451;0;0
102.502;0;0
102.551;0;0
102.602;0;0
102.651;0;0
102.701;0;0
102.751;0;0
102.801;0;0
102.852;0;0
102.902;0;0
102.951;0;0
103.002;0;0
103.051;0;0
103.101;0;0
103.151;0;0
103.201;0;0
103.252;0;0
103.301;0;0
103.351;0;0
103.401;0;0
103.452;0;0
103.501;0;0
103.551;0;0
103.601;0;0
103.652;0;0
103.702;0;0
103.751;0;0
103.802;0;0
103.851;0;0
103.901;0;0
103.951;0;0
104.001;0;0
104.051;0;0
104.101;0;0
104.151;0;0
104.202;0;0
104.251;0;0
104.301;0;0
104.351;0;0
104.401;0;0
104.452;0;0
104.501;0;0
104.551;0;0
104.601;0;0
104.651;0;0
104.702;0;0
104.751;0;0
104.801;0;0
104.851;0;0
104.902;0;0
104.952;0;0
105.001;0;0
105.051;130;0
105.101;130;21.83
105.151;130;21.83
105.201;130;21.83
105.251;130;122.5
105.301;130;122.5
105.351;130;122.5
105.402;130;128.73
105.451;130;128.73
105.501;130;128.73
105.551;130;128.73
105.602;130;128.73
105.651;130;128.73
105.702;130;128.73
105.751;130;128.73
105.802;130;128.73
105.851;130;129.18
105.902;130;129.18
105.951;130;129.18
106.001;130;129.18
106.051;130;129.18
106.101;130;129.18
106.153;130;129.18
106.201;130;129.18
106.251;130;129.18
106.301;130;128.73
106.351;130;128.73
106.401;130;128.73
106.452;130;129.18
106.501;130;129.18
106.552;130;129.18
106.601;130;129.18
106.651;130;129.18
106.702;130;129.18
106.751;130;129.18
106.801;130;129.18
106.851;130;129.18
106.901;130;129.18
106.951;130;129.18
107.001;130;129.18
107.052;130;129.62
107.101;130;129.62
107.152;130;129.62
107.201;130;129.18
107.251;130;129.18
107.302;130;129.18
107.352;130;129.62
107.402;130;129.62
107.451;130;129.62
107.501;130;129.62
107.551;130;129.62
107.601;130;129.62
107.651;130;129.18
107.701;130;129.18
107.751;130;129.18
107.801;130;129.62
107.85;130;129.62
107.901;130;129.62
107.951;130;129.62
108.002;130;129.62
108.051;130;129.62
108.101;130;129.62
108.151;130;129.62
108.201;130;129.62
108.251;130;129.62
108.301;130;129.62
108.351;130;129.62
108.403;130;129.62
108.452;130;129.62
108.501;130;129.62
108.551;130;129.18
108.601;130;129.18
108.651;130;129.18
108.701;130;129.62
108.753;130;129.62
108.802;130;129.62
108.852;130;129.62
108.903;130;129.62
108.953;130;129.62
109.002;130;130.07
109.052;130;130.07
109.102;130;130.07
109.152;130;129.62
109.202;130;129.62
109.252;130;129.62
109.302;130;129.62
109.352;130;129.62
109.402;130;129.62
109.453;130;129.62
109.502;130;129.62
109.552;130;129.62
109.602;130;130.07
109.652;130;130.07
109.701;130;130.07
109.752;130;129.62
109.803;130;129.62
109.852;130;129.62
109.902;130;129.62
109.952;130;129.62
110.001;130;129.62
110.052;0;130.07
110.103;0;130.07
110.153;0;130.07
110.202;0;110.02
110.254;0;110.02
110.303;0;110.02
110.353;0;74.39
110.403;0;74.39
110.452;0;74.39
110.502;0;43.65
110.552;0;43.65
110.602;0;43.65
110.652;0;17.37
110.702;0;17.37
110.752;0;17.37
110.803;0;2.23
110.852;0;2.23
110.903;0;2.23
110.952;0;0
111.002;0;0
111.052;0;0
111.102;0;0
111.152;0;0
111.202;0;0
111.252;0;0
111.302;0;0
111.352;0;0
111.402;0;0
111.451;0;0
111.502;0;0
111.552;0;0
111.603;0;0
111.653;0;0
111.702;0;0
111.752;0;0
111.802;0;0
111.851;0;0
111.902;0;0
111.951;0;0
112.002;0;0
112.052;0;0
112.102;0;0
112.152;0;0
112.202;0;0
112.252;0;0
112.302;0;0
112.352;0;0
112.402;0;0
112.452;0;0
112.503;0;0
112.553;0;0
112.602;0;0
112.652;0;0
112.702;0;0
112.752;0;0
112.803;0;0
112.852;0;0
112.902;0;0
112.952;0;0
113.002;0;0
113.052;0;0
113.102;0;0
113.153;0;0
113.202;0;0
113.252;0;0
113.302;0;0
113.352;0;0
113.402;0;0
113.452;0;0
113.502;0;0
113.552;0;0
113.601;0;0
113.652;0;0
113.701;0;0
113.752;0;0
113.802;0;0
113.852;0;0
113.903;0;0
113.952;0;0
114.002;0;0
114.052;0;0
114.102;0;0
114.153;0;0
114.202;0;0
114.252;0;0
114.302;0;0
114.352;0;0
114.402;0;0
114.451;0;0
114.501;0;0
114.553;0;0
114.602;0;0
114.653;0;0
114.701;0;0
114.753;0;0
114.802;0;0
114.852;0;0
114.903;0;0
114.952;0;0
115.002;0;0
115.052;130;0
115.101;130;0
115.152;130;60.13
115.201;130;60.13
115.252;130;60.13
115.301;130;127.4
115.352;130;127.4
115.403;130;127.4
115.452;130;129.18
115.502;130;129.18
115.552;130;129.18
115.602;130;129.62
115.653;130;129.62
115.702;130;129.62
115.751;130;129.62
115.802;130;129.62
115.852;130;129.62
115.903;130;129.62
115.952;130;129.62
116.002;130;129.62
116.053;130;129.62
116.102;130;129.62
116.153;130;129.62
116.202;130;129.18
116.252;130;129.18
116.301;130;129.18
116.351;130;129.62
116.403;130;129.62
116.452;130;129.62
116.502;130;129.62
116.552;130;129.62
116.602;130;129.62
116.653;130;129.62
116.702;130;129.62
116.753;130;129.62
116.803;130;129.62
116.852;130;129.62
116.903;130;129.62
116.952;130;129.62
117.002;130;129.62
117.052;130;129.62
117.102;130;129.62
117.152;130;129.62
117.201;130;129.62
117.252;130;130.07
117.302;130;130.07
117.352;130;130.07
117.402;130;129.62
117.452;130;129.62
117.503;130;129.62
117.552;130;129.62
117.603;130;129.62
117.652;130;129.62
117.702;130;129.62
117.752;130;129.62
117.802;130;129.62
117.851;130;130.07
117.902;130;130.07
117.951;130;130.07
118.002;130;129.62
118.052;130;129.62
118.101;130;129.62
118.152;130;129.62
118.202;130;129.62
118.251;130;129.62
118.302;130;129.62
118.352;130;129.62
118.402;130;129.62
118.452;130;130.07
118.503;130;130.07
118.552;130;130.07
118.602;130;129.62
118.652;130;129.62
118.701;130;129.62
118.752;130;129.62
118.801;130;129.62
118.851;130;129.62
118.902;130;129.62
118.952;130;129.62
119.001;130;129.62
119.052;130;129.62
119.102;130;129.62
119.152;130;129.62
119.202;130;130.07
119.252;130;130.07
119.302;130;130.07
119.352;130;129.62
119.402;130;129.62
119.452;130;129.62
119.502;130;129.62
119.551;130;129.62
119.602;130;129.62
119.653;130;130.07
119.701;130;130.07
119.752;130;130.07
119.802;130;129.62
119.852;130;129.62
119.902;130;129.62
119.952;130;130.07
120.003;130;130.07
120.052;0;130.07
120.102;0;127.4
120.153;0;127.4
120.203;0;127.4
120.252;0;98
120.302;0;98
120.352;0;98
120.402;0;63.7
120.452;0;63.7
120.503;0;63.7
120.552;0;34.3
120.602;0;34.3
120.653;0;34.3
120.703;0;11.14
120.753;0;11.14
120.802;0;11.14
120.852;0;0.89
120.902;0;0.89
120.952;0;0.89
121.003;0;0
121.052;0;0
121.102;0;0
121.152;0;0
121.202;0;0
121.252;0;0
121.302;0;0
121.352;0;0
121.402;0;0
121.452;0;0
121.502;0;0
121.552;0;0
121.602;0;0
121.652;0;0
121.702;0;0
121.751;0;0
121.802;0;0
121.852;0;0
121.903;0;0
121.952;0;0
122.003;0;0
122.052;0;0
122.103;0;0
122.152;0;0
122.202;0;0
122.252;0;0
122.302;0;0
122.352;0;0
122.402;0;0
122.452;0;0
122.502;0;0
122.552;0;0
122.603;0;0
122.653;0;0
122.702;0;0
122.752;0;0
122.802;0;0
122.852;0;0
122.903;0;0
122.951;0;0
123.003;0;0
123.052;0;0
123.101;0;0
123.152;0;0
123.203;0;0
123.252;0;0
123.301;0;0
123.351;0;0
123.403;0;0
123.452;0;0
123.502;0;0
123.553;0;0
123.602;0;0
123.652;0;0
123.702;0;0
123.752;0;0
123.802;0;0
123.852;0;0
123.903;0;0
123.951;0;0
124.002;0;0
124.052;0;0
124.102;0;0
124.152;0;0
124.202;0;0
124.252;0;0
124.301;0;0
124.352;0;0
124.403;0;0
124.452;0;0
124.502;0;0
124.552;0;0
124.602;0;0
124.653;0;0
124.702;0;0
124.752;0;0
124.801;0;0
124.852;0;0
124.902;0;0
124.952;0;0
125.003;0;0
125.052;130;0
125.101;130;0
125.151;130;0
125.201;130;102.01
125.252;130;102.01
125.302;130;102.01
125.352;130;128.73
125.402;130;128.73
125.452;130;128.73
125.502;130;129.18
125.552;130;129.18
125.602;130;129.18
125.653;130;129.18
125.702;130;129.18
125.752;130;129.18
125.801;130;129.18
125.852;130;129.18
125.902;130;129.18
125.952;130;129.62
126.003;130;129.62
126.052;130;129.62
126.102;130;129.18
126.152;130;129.18
126.202;130;129.18
126.252;130;129.62
126.302;130;129.62
126.352;130;129.62
126.402;130;129.18
126.453;130;129.18
126.502;130;129.18
126.552;130;129.18
126.601;130;129.18
126.653;130;129.18
126.703;130;129.18
126.753;130;129.18
126.802;130;129.18
126.853;130;129.62
126.902;130;129.62
126.952;130;129.62
127.002;130;129.18
127.052;130;129.18
127.101;130;129.18
127.151;130;129.62
127.201;130;129.62
127.252;130;129.62
127.302;130;129.62
127.352;130;129.62
127.402;130;129.62
127.452;130;129.62
127.502;130;129.62
127.552;130;129.62
127.602;130;129.62
127.653;130;129.62
127.702;130;129.62
127.753;130;129.62
127.802;130;129.62
127.851;130;129.62
127.903;130;129.62
127.952;130;129.62
128.002;130;129.62
128.052;130;129.62
128.102;130;129.62
128.152;130;129.62
128.202;130;129.62
128.252;130;129.62
128.302;130;129.62
128.352;130;129.62
128.402;130;129.62
128.451;130;129.62
128.502;130;129.62
128.552;130;129.62
128.602;130;129.62
128.653;130;130.07
128.701;130;130.07
128.753;130;130.07
128.802;130;129.62
128.853;130;129.62
128.902;130;129.62
128.952;130;129.62
129.002;130;129.62
129.052;130;129.62
129.102;130;130.07
129.152;130;130.07
129.202;130;130.07
129.252;130;129.62
129.302;130;129.62
129.352;130;129.62
129.402;130;130.07
129.452;130;130.07
129.502;130;130.07
129.552;130;130.07
129.603;130;130.07
129.652;130;130.07
129.702;130;130.07
129.753;130;130.07
129.802;130;130.07
129.852;130;129.62
129.902;130;129.62
129.951;130;129.62
130.002;130;130.07
130.051;0;130.07
130.102;0;130.07
130.153;0;121.16
130.203;0;121.16
130.253;0;121.16
130.303;0;85.97
130.352;0;85.97
130.403;0;85.97
130.452;0;53.9
130.502;0;53.9
130.552;0;53.9
130.603;0;26.28
130.652;0;26.28
130.702;0;26.28
130.753;0;5.79
130.803;0;5.79
130.852;0;5.79
130.903;0;0
130.951;0;0
131.003;0;0
131.052;0;0
131.102;0;0
131.152;0;0
131.202;0;0
131.252;0;0
131.302;0;0
131.352;0;0
131.402;0;0
131.452;0;0
131.502;0;0
131.552;0;0
131.602;0;0
131.653;0;0
131.702;0;0
131.751;0;0
131.802;0;0
131.851;0;0
131.901;0;0
131.952;0;0
132.002;0;0
132.052;0;0
132.103;0;0
132.152;0;0
132.202;0;0
132.252;0;0
132.303;0;0
132.352;0;0
132.402;0;0
132.452;0;0
132.502;0;0
132.552;0;0
132.602;0;0
132.653;0;0
132.702;0;0
132.752;0;0
132.802;0;0
132.852;0;0
132.902;0;0
132.952;0;0
133.002;0;0
133.052;0;0
133.102;0;0
133.152;0;0
133.202;0;0
133.253;0;0
133.302;0;0
133.353;0;0
133.402;0;0
133.451;0;0
133.502;0;0
133.552;0;0
133.602;0;0
133.652;0;0
133.702;0;0
133.752;0;0
133.802;0;0
133.852;0;0
133.902;0;0
133.952;0;0
134.002;0;0
134.052;0;0
134.102;0;0
134.152;0;0
134.202;0;0
134.253;0;0
134.302;0;0
134.352;0;0
134.402;0;0
134.451;0;0
134.502;0;0
134.552;0;0
134.602;0;0
134.652;0;0
134.702;0;0
134.752;0;0
134.802;0;0
134.852;0;0
134.902;0;0
134.951;0;0
135.002;0;0
135.052;130;0
135.101;130;21.83
135.151;130;21.83
135.201;130;21.83
135.251;130;122.94
135.301;130;122.94
135.352;130;122.94
135.402;130;129.18
135.452;130;129.18
135.502;130;129.18
135.552;130;129.18
135.602;130;129.18
135.652;130;129.18
135.701;130;129.62
135.752;130;129.62
135.801;130;129.62
135.852;130;129.62
135.902;130;129.62
135.952;130;129.62
136.002;130;129.62
136.052;130;129.62
136.102;130;129.62
136.152;130;129.18
136.202;130;129.18
136.252;130;129.18
136.302;130;129.62
136.352;130;129.62
136.402;130;129.62
136.452;130;129.62
136.502;130;129.62
136.551;130;129.62
136.602;130;129.62
136.651;130;129.62
136.701;130;129.62
136.752;130;129.62
136.802;130;129.62
136.852;130;129.62
136.902;130;129.62
136.952;130;129.62
137.001;130;129.62
137.052;130;130.07
137.102;130;130.07
137.152;130;130.07
137.201;130;129.62
137.252;130;129.62
137.303;130;129.62
137.352;130;130.07
137.402;130;130.07
137.452;130;130.07
137.502;130;129.62
137.552;130;129.62
137.602;130;129.62
137.653;130;130.07
137.701;130;130.07
137.751;130;130.07
137.801;130;130.07
137.851;130;130.07
137.902;130;130.07
137.951;130;129.62
138.002;130;129.62
138.052;130;129.62
138.102;130;130.07
138.152;130;130.07
138.201;130;130.07
138.251;130;130.07
138.302;130;130.07
138.351;130;130.07
138.402;130;130.07
138.452;130;130.07
138.502;130;130.07
138.552;130;130.07
138.602;130;130.07
138.652;130;130.07
138.702;130;130.07
138.752;130;130.07
138.802;130;130.07
138.852;130;130.07
138.902;130;130.07
138.952;130;130.07
139.002;130;130.07
139.051;130;130.07
139.101;130;130.07
139.151;130;129.62
139.201;130;129.62
139.252;130;129.62
139.302;130;130.07
139.352;130;130.07
139.402;130;130.07
139.452;130;130.07
139.502;130;130.07
139.552;130;130.07
139.602;130;130.07
139.652;130;130.07
139.702;130;130.07
139.752;130;130.07
139.801;130;130.07
139.852;130;130.07
139.902;130;130.07
139.952;130;130.07
140.002;130;130.07
140.052;0;130.07
140.103;0;130.07
140.153;0;130.07
140.202;0;110.47
140.253;0;110.47
140.303;0;110.47
140.353;0;74.83
140.402;0;74.83
140.452;0;74.83
140.503;0;44.1
140.554;0;44.1
140.602;0;44.1
140.652;0;17.82
140.702;0;17.82
140.753;0;17.82
140.802;0;2.23
140.852;0;2.23
140.903;0;2.23
140.951;0;0
141.002;0;0
141.052;0;0
141.102;0;0
141.152;0;0
141.202;0;0
141.252;0;0
141.301;0;0
141.352;0;0
141.402;0;0
141.452;0;0
141.502;0;0
141.552;0;0
141.602;0;0
141.653;0;0
141.701;0;0
141.752;0;0
141.802;0;0
141.852;0;0
141.902;0;0
141.952;0;0
142.002;0;0
142.052;0;0
142.102;0;0
142.152;0;0
142.202;0;0
142.253;0;0
142.301;0;0
142.352;0;0
142.402;0;0
142.452;0;0
142.503;0;0
142.552;0;0
142.601;0;0
142.652;0;0
142.701;0;0
142.752;0;0
142.801;0;0
142.853;0;0
142.901;0;0
142.952;0;0
143.002;0;0
143.052;0;0
143.102;0;0
143.152;0;0
143.202;0;0
143.252;0;0
143.301;0;0
143.352;0;0
143.403;0;0
143.452;0;0
143.502;0;0
143.551;0;0
143.601;0;0
143.651;0;0
143.701;0;0
143.752;0;0
143.801;0;0
143.852;0;0
143.902;0;0
143.952;0;0
144.002;0;0
144.052;0;0
144.103;0;0
144.152;0;0
144.202;0;0
144.252;0;0
144.302;0;0
144.352;0;0
144.402;0;0
144.451;0;0
144.503;0;0
144.553;0;0
144.602;0;0
144.652;0;0
144.702;0;0
144.752;0;0
144.802;0;0
144.852;0;0
144.901;0;0
144.952;0;0
145.002;0;0
145.051;130;0
145.101;130;0
145.152;130;60.13
145.202;130;60.13
145.252;130;60.13
145.301;130;127.4
145.351;130;127.4
145.402;130;127.4
145.451;130;128.73
145.503;130;128.73
145.552;130;128.73
145.602;130;129.18
145.652;130;129.18
145.702;130;129.18
145.752;130;129.62
145.801;130;129.62
145.852;130;129.62
145.901;130;129.18
145.952;130;129.18
146.002;130;129.18
146.052;130;129.18
146.102;130;129.18
146.152;130;129.18
146.202;130;129.62
146.252;130;129.62
146.302;130;129.62
146.352;130;129.18
146.401;130;129.18
146.451;130;129.18
146.501;130;129.62
146.552;130;129.62
146.602;130;129.62
146.652;130;129.18
146.703;130;129.18
146.753;130;129.18
146.802;130;129.18
146.852;130;129.18
146.901;130;129.18
146.952;130;129.62
147.003;130;129.62
147.052;130;129.62
147.102;130;129.62
147.152;130;129.62
147.201;130;129.62
147.252;130;129.62
147.302;130;129.62
147.352;130;129.62
147.402;130;129.62
147.452;130;129.62
147.502;130;129.62
147.552;130;129.62
147.602;130;129.62
147.652;130;129.62
147.702;130;129.62
147.752;130;129.62
147.802;130;129.62
147.852;130;130.07
147.901;130;130.07
147.952;130;130.07
148.002;130;129.62
148.052;130;129.62
148.101;130;129.62
148.152;130;129.62
148.202;130;129.62
148.252;130;129.62
148.301;130;130.07
148.352;130;130.07
148.403;130;130.07
148.452;130;129.62
148.502;130;129.62
148.552;130;129.62
148.602;130;129.62
148.651;130;129.62
148.702;130;129.62
148.752;130;130.07
148.802;130;130.07
148.852;130;130.07
148.902;130;129.62
148.952;130;129.62
149.002;130;129.62
149.052;130;130.07
149.102;130;130.07
149.152;130;130.07
149.202;130;130.07
149.252;130;130.07
149.302;130;130.07
149.352;130;129.62
149.401;130;129.62
149.452;130;129.62
149.502;130;130.07
149.552;130;130.07
149.602;130;130.07
149.652;130;130.07
149.701;130;130.07
149.752;130;130.07
149.802;130;130.07
149.851;130;130.07
149.901;130;130.07
149.952;130;130.07
150.002;130;130.07
150.051;0;130.07
150.103;0;127.84
150.152;0;127.84
150.203;0;127.84
150.253;0;98
150.302;0;98
150.352;0;98
150.402;0;63.7
150.452;0;63.7
150.503;0;63.7
150.552;0;34.74
150.602;0;34.74
150.653;0;34.74
150.702;0;10.69
150.752;0;10.69
150.802;0;10.69
150.852;0;0.45
150.901;0;0.45
150.952;0;0.45
151.003;0;0
151.051;0;0
151.102;0;0
151.152;0;0
151.202;0;0
151.252;0;0
151.301;0;0
151.351;0;0
151.402;0;0
151.451;0;0
151.502;0;0
151.552;0;0
151.602;0;0
151.651;0;0
151.701;0;0
151.752;0;0
151.802;0;0
151.852;0;0
151.901;0;0
151.952;0;0
152.002;0;0
152.051;0;0
152.102;0;0
152.152;0;0
152.201;0;0
152.252;0;0
152.302;0;0
152.351;0;0
152.402;0;0
152.452;0;0
152.502;0;0
152.552;0;0
152.602;0;0
152.652;0;0
152.701;0;0
152.752;0;0
152.802;0;0
152.852;0;0
152.902;0;0
152.951;0;0
153.002;0;0
153.052;0;0
153.102;0;0
153.151;0;0
153.201;0;0
153.252;0;0
153.302;0;0
153.353;0;0
153.402;0;0
153.452;0;0
153.502;0;0
153.551;0;0
153.602;0;0
153.651;0;0
153.701;0;0
153.752;0;0
153.801;0;0
153.852;0;0
153.902;0;0
153.952;0;0
154.003;0;0
154.051;0;0
154.101;0;0
154.152;0;0
154.201;0;0
154.253;0;0
154.302;0;0
154.352;0;0
154.401;0;0
154.452;0;0
154.502;0;0
154.552;0;0
154.602;0;0
154.652;0;0
154.702;0;0
154.752;0;0
154.801;0;0
154.852;0;0
154.901;0;0
154.952;0;0
155.002;0;0
155.051;130;0
155.101;130;0
155.151;130;0
155.201;130;102.01
155.252;130;102.01
155.302;130;102.01
155.352;130;128.73
155.402;130;128.73
155.452;130;128.73
155.502;130;129.18
155.552;130;129.18
155.602;130;129.18
155.651;130;129.62
155.702;130;129.62
155.752;130;129.62
155.801;130;129.62
155.852;130;129.62
155.901;130;129.62
155.951;130;129.62
156.002;130;129.62
156.052;130;129.62
156.103;130;129.62
156.152;130;129.62
156.202;130;129.62
156.252;130;129.62
156.302;130;129.62
156.351;130;129.62
156.402;130;129.62
156.451;130;129.62
156.502;130;129.62
156.552;130;129.62
156.602;130;129.62
156.651;130;129.62
156.702;130;129.62
156.752;130;129.62
156.802;130;129.62
156.852;130;130.07
156.901;130;130.07
156.951;130;130.07
157.002;130;129.62
157.051;130;129.62
157.102;130;129.62
157.152;130;130.07
157.201;130;130.07
157.252;130;130.07
157.301;130;130.07
157.352;130;130.07
157.401;130;130.07
157.452;130;130.07
157.503;130;130.07
157.552;130;130.07
157.603;130;130.07
157.651;130;130.07
157.701;130;130.07
157.752;130;130.07
157.801;130;130.07
157.852;130;130.07
157.901;130;130.07
157.952;130;130.07
158.002;130;130.07
158.052;130;130.07
158.102;130;130.07
158.152;130;130.07
158.202;130;130.07
158.252;130;130.07
158.302;130;130.07
158.351;130;130.07
158.402;130;130.07
158.452;130;130.07
158.502;130;130.07
158.551;130;130.07
158.602;130;130.07
158.651;130;130.07
158.701;130;130.07
158.752;130;130.07
158.801;130;130.51
158.851;130;130.51
158.901;130;130.51
158.951;130;130.07
159.002;130;130.07
159.051;130;130.07
159.101;130;130.07
159.151;130;130.07
159.201;130;130.07
159.252;130;130.07
159.302;130;130.07
159.352;130;130.07
159.401;130;130.07
159.452;130;130.07
159.502;130;130.07
159.552;130;130.07
159.601;130;130.07
159.653;130;130.07
159.702;130;130.07
159.752;130;130.07
159.801;130;130.07
159.851;130;130.07
159.901;130;130.07
159.951;130;130.07
160.002;130;130.51
160.052;0;130.51
160.102;0;130.51
160.152;0;121.16
160.203;0;121.16
160.253;0;121.16
160.302;0;86.42
160.352;0;86.42
160.402;0;86.42
160.452;0;53.9
160.502;0;53.9
160.552;0;53.9
160.602;0;26.73
160.652;0;26.73
160.702;0;26.73
160.752;0;5.35
160.801;0;5.35
160.851;0;5.35
160.901;0;0
160.951;0;0
161.002;0;0
161.052;0;0
161.102;0;0
161.151;0;0
161.201;0;0
161.252;0;0
161.301;0;0
161.351;0;0
161.402;0;0
161.452;0;0
161.502;0;0
161.551;0;0
161.601;0;0
161.651;0;0
161.701;0;0
161.752;0;0
161.801;0;0
161.851;0;0
161.901;0;0
161.952;0;0
162.002;0;0
162.051;0;0
162.101;0;0
162.151;0;0
162.201;0;0
162.252;0;0
162.301;0;0
162.351;0;0
162.402;0;0
162.451;0;0
162.502;0;0
162.552;0;0
162.601;0;0
162.651;0;0
162.701;0;0
162.752;0;0
162.801;0;0
162.851;0;0
162.901;0;0
162.952;0;0
163.002;0;0
163.051;0;0
163.101;0;0
163.151;0;0
163.201;0;0
163.252;0;0
163.302;0;0
163.351;0;0
163.402;0;0
163.452;0;0
163.501;0;0
163.551;0;0
163.601;0;0
163.652;0;0
163.701;0;0
163.752;0;0
163.801;0;0
163.851;0;0
163.901;0;0
163.952;0;0
164.002;0;0
164.052;0;0
164.102;0;0
164.151;0;0
164.201;0;0
164.251;0;0
164.302;0;0
164.351;0;0
164.402;0;0
164.451;0;0
164.501;0;0
164.551;0;0
164.601;0;0
164.652;0;0
164.702;0;0
164.752;0;0
164.802;0;0
164.852;0;0
164.902;0;0
164.952;0;0
165.002;0;0
165.052;130;0
165.101;130;22.27
165.152;130;22.27
165.201;130;22.27
165.251;130;123.39
165.301;130;123.39
165.352;130;123.39
165.402;130;129.18
165.452;130;129.18
165.502;130;129.18
165.551;130;129.62
165.601;130;129.62
165.652;130;129.62
165.702;130;129.62
165.751;130;129.62
165.802;130;129.62
165.852;130;129.62
165.901;130;129.62
165.951;130;129.62
166.001;130;130.07
166.051;130;130.07
166.101;130;130.07
166.151;130;129.62
166.201;130;129.62
166.252;130;129.62
166.301;130;130.07
166.352;130;130.07
166.401;130;130.07
166.451;130;129.62
166.503;130;129.62
166.551;130;129.62
166.601;130;130.07
166.652;130;130.07
166.702;130;130.07
166.752;130;130.07
166.801;130;130.07
166.851;130;130.07
166.902;130;129.62
166.951;130;129.62
167.002;130;129.62
167.051;130;129.62
167.101;130;129.62
167.151;130;129.62
167.202;130;130.07
167.251;130;130.07
167.301;130;130.07
167.351;130;129.62
167.401;130;129.62
167.451;130;129.62
167.502;130;130.07
167.552;130;130.07
167.602;130;130.07
167.652;130;129.62
167.702;130;129.62
167.752;130;129.62
167.801;130;130.07
167.852;130;130.07
167.902;130;130.07
167.952;130;130.07
168.002;130;130.07
168.051;130;130.07
168.101;130;129.62
168.152;130;129.62
168.202;130;129.62
168.252;130;130.07
168.301;130;130.07
168.351;130;130.07
168.402;130;130.07
168.451;130;130.07
168.502;130;130.07
168.552;130;130.07
168.601;130;130.07
168.651;130;130.07
168.702;130;130.07
168.751;130;130.07
168.801;130;130.07
168.852;130;129.62
168.901;130;129.62
168.952;130;129.62
169.002;130;130.07
169.052;130;130.07
169.102;130;130.07
169.152;130;130.07
169.201;130;130.07
169.252;130;130.07
169.302;130;130.07
169.351;130;130.07
169.402;130;130.07
169.451;130;130.07
169.502;130;130.07
169.551;130;130.07
169.601;130;130.07
169.652;130;130.07
169.702;130;130.07
169.752;130;130.07
169.802;130;130.07
169.851;130;130.07
169.902;130;130.51
169.951;130;130.51
170.002;130;130.51
170.052;0;130.07
170.102;0;130.07
170.152;0;130.07
170.202;0;110.47
170.252;0;110.47
170.302;0;110.47
170.353;0;74.39
170.402;0;74.39
170.453;0;74.39
170.502;0;44.1
170.552;0;44.1
170.602;0;44.1
170.652;0;17.37
170.702;0;17.37
170.752;0;17.37
170.802;0;2.23
170.852;0;2.23
170.902;0;2.23
170.951;0;0
171.002;0;0
171.052;0;0
171.102;0;0
171.152;0;0
171.201;0;0
171.251;0;0
171.301;0;0
171.351;0;0
171.401;0;0
171.451;0;0
171.502;0;0
171.551;0;0
171.601;0;0
171.652;0;0
171.701;0;0
171.752;0;0
171.801;0;0
171.851;0;0
171.902;0;0
171.951;0;0
172.002;0;0
172.051;0;0
172.101;0;0
172.151;0;0
172.201;0;0
172.251;0;0
172.301;0;0
172.351;0;0
172.402;0;0
172.452;0;0
172.503;0;0
172.551;0;0
172.601;0;0
172.651;0;0
172.701;0;0
172.751;0;0
172.801;0;0
172.852;0;0
172.901;0;0
172.952;0;0
173.001;0;0
173.051;0;0
173.101;0;0
173.151;0;0
173.201;0;0
173.251;0;0
173.301;0;0
173.352;0;0
173.401;0;0
173.451;0;0
173.502;0;0
173.552;0;0
173.601;0;0
173.651;0;0
173.701;0;0
173.752;0;0
173.801;0;0
173.851;0;0
173.902;0;0
173.951;0;0
174.001;0;0
174.051;0;0
174.101;0;0
174.151;0;0
174.201;0;0
174.252;0;0
174.301;0;0
174.351;0;0
174.401;0;0
174.451;0;0
174.501;0;0
174.551;0;0
174.602;0;0
174.651;0;0
174.701;0;0
174.752;0;0
174.802;0;0
174.851;0;0
174.901;0;0
174.951;0;0
175.002;0;0
175.051;130;0
175.1;130;0
175.151;130;60.58
175.201;130;60.58
175.251;130;60.58
175.301;130;127.4
175.352;130;127.4
175.401;130;127.4
175.451;130;129.18
175.502;130;129.18
175.552;130;129.18
175.601;130;129.62
175.651;130;129.62
175.701;130;129.62
175.752;130;129.18
175.801;130;129.18
175.851;130;129.18
175.901;130;129.62
175.952;130;129.62
176.002;130;129.62
176.052;130;130.07
176.101;130;130.07
176.151;130;130.07
176.201;130;129.62
176.252;130;129.62
176.301;130;129.62
176.351;130;129.62
176.401;130;129.62
176.452;130;129.62
176.502;130;129.62
176.551;130;129.62
176.601;130;129.62
176.652;130;129.62
176.702;130;129.62
176.752;130;129.62
176.801;130;130.07
176.851;130;130.07
176.901;130;130.07
176.951;130;129.62
177.002;130;129.62
177.051;130;129.62
177.102;130;130.07
177.151;130;130.07
177.201;130;130.07
177.251;130;129.62
177.301;130;129.62
177.351;130;129.62
177.401;130;129.62
177.451;130;129.62
177.502;130;129.62
177.552;130;130.07
177.601;130;130.07
177.652;130;130.07
177.703;130;130.07
177.752;130;130.07
177.801;130;130.07
177.851;130;130.07
177.901;130;130.07
177.951;130;130.07
178.002;130;129.62
178.051;130;129.62
178.101;130;129.62
178.151;130;130.07
178.201;130;130.07
178.252;130;130.07
178.302;130;130.07
178.351;130;130.07
178.401;130;130.07
178.451;130;130.07
178.502;130;130.07
178.551;130;130.07
178.601;130;130.07
178.651;130;130.07
178.702;130;130.07
178.751;130;130.07
178.801;130;130.07
178.851;130;130.07
178.901;130;130.07
178.951;130;130.07
179.002;130;130.07
179.051;130;130.07
179.101;130;130.07
179.152;130;130.07
179.201;130;130.07
179.252;130;130.07
179.302;130;130.07
179.351;130;130.07
179.401;130;130.07
179.451;130;130.07
179.502;130;130.07
179.551;130;130.07
179.601;130;130.07
179.651;130;130.07
179.702;130;130.07
179.752;130;130.07
179.801;130;129.62
179.851;130;129.62
179.901;130;129.62
179.951;130;130.07
180.002;130;130.07
180.051;0;130.07
180.102;0;127.84
180.152;0;127.84
180.203;0;127.84
180.252;0;98
180.301;0;98
180.352;0;98
180.402;0;63.7
180.452;0;63.7
180.502;0;63.7
180.551;0;35.19
180.602;0;35.19
180.651;0;35.19
180.701;0;10.69
180.752;0;10.69
180.802;0;10.69
180.851;0;0.89
180.901;0;0.89
180.952;0;0.89
181.002;0;0
181.051;0;0
181.102;0;0
181.151;0;0
181.201;0;0
181.251;0;0
181.302;0;0
181.351;0;0
181.401;0;0
181.452;0;0
181.502;0;0
181.552;0;0
181.601;0;0
181.652;0;0
181.702;0;0
181.751;0;0
181.801;0;0
181.851;0;0
181.901;0;0
181.951;0;0
182.002;0;0
182.052;0;0
182.101;0;0
182.151;0;0
182.201;0;0
182.251;0;0
182.301;0;0
182.351;0;0
182.401;0;0
182.452;0;0
182.501;0;0
182.551;0;0
182.601;0;0
182.651;0;0
182.702;0;0
182.751;0;0
182.801;0;0
182.851;0;0
182.901;0;0
182.951;0;0
183.001;0;0
183.051;0;0
183.101;0;0
183.152;0;0
183.201;0;0
183.252;0;0
183.302;0;0
183.351;0;0
183.401;0;0
183.451;0;0
183.501;0;0
183.551;0;0
183.601;0;0
183.651;0;0
183.701;0;0
183.751;0;0
183.802;0;0
183.852;0;0
183.901;0;0
183.951;0;0
184.001;0;0
184.051;0;0
184.103;0;0
184.151;0;0
184.202;0;0
184.251;0;0
184.301;0;0
184.351;0;0
184.401;0;0
184.453;0;0
184.502;0;0
184.552;0;0
184.601;0;0
184.651;0;0
184.701;0;0
184.752;0;0
184.801;0;0
184.851;0;0
184.901;0;0
184.951;0;0
185.001;0;0
185.051;130;0
185.1;130;0
185.15;130;0
185.201;130;102.45
185.252;130;102.45
185.302;130;102.45
185.352;130;128.73
185.401;130;128.73
185.451;130;128.73
185.501;130;129.62
185.551;130;129.62
185.601;130;129.62
185.651;130;129.62
185.701;130;129.62
185.752;130;129.62
185.802;130;129.62
185.851;130;129.62
185.901;130;129.62
185.951;130;130.07
186.001;130;130.07
186.052;130;130.07
186.101;130;129.62
186.151;130;129.62
186.201;130;129.62
186.251;130;130.07
186.301;130;130.07
186.351;130;130.07
186.401;130;129.62
186.452;130;129.62
186.502;130;129.62
186.552;130;129.62
186.601;130;129.62
186.651;130;129.62
186.702;130;130.07
186.752;130;130.07
186.801;130;130.07
186.851;130;130.07
186.901;130;130.07
186.952;130;130.07
187.002;130;129.62
187.051;130;129.62
187.101;130;129.62
187.151;130;130.07
187.203;130;130.07
187.251;130;130.07
187.301;130;129.62
187.351;130;129.62
187.401;130;129.62
187.451;130;130.07
187.502;130;130.07
187.551;130;130.07
187.602;130;130.07
187.651;130;130.07
187.702;130;130.07
187.751;130;130.07
187.801;130;130.07
187.851;130;130.07
187.902;130;130.07
187.951;130;130.07
188.001;130;130.07
188.051;130;130.07
188.101;130;130.07
188.151;130;130.07
188.201;130;130.07
188.251;130;130.07
188.301;130;130.07
188.351;130;130.07
188.401;130;130.07
188.452;130;130.07
188.502;130;130.07
188.551;130;130.07
188.602;130;130.07
188.652;130;130.51
188.702;130;130.51
188.751;130;130.51
188.801;130;130.07
188.851;130;130.07
188.902;130;130.07
188.951;130;130.07
189.001;130;130.07
189.051;130;130.07
189.101;130;130.07
189.151;130;130.07
189.202;130;130.07
189.252;130;130.07
189.301;130;130.07
189.351;130;130.07
189.401;130;130.07
189.451;130;130.07
189.501;130;130.07
189.551;130;130.51
189.601;130;130.51
189.651;130;130.51
189.702;130;130.07
189.751;130;130.07
189.801;130;130.07
189.851;130;130.07
189.901;130;130.07
189.951;130;130.07
190.001;130;130.07
190.051;0;130.07
190.102;0;130.07
190.151;0;121.61
190.202;0;121.61
190.252;0;121.61
190.302;0;85.97
190.351;0;85.97
190.401;0;85.97
190.452;0;53.9
190.502;0;53.9
190.552;0;53.9
190.602;0;26.73
190.651;0;26.73
190.702;0;26.73
190.751;0;4.9
190.801;0;4.9
190.852;0;4.9
190.901;0;0
190.951;0;0
191.001;0;0
191.051;0;0
191.101;0;0
191.151;0;0
191.201;0;0
191.252;0;0
191.301;0;0
191.351;0;0
191.401;0;0
191.451;0;0
191.501;0;0
191.551;0;0
191.601;0;0
191.651;0;0
191.701;0;0
191.752;0;0
191.801;0;0
191.851;0;0
191.901;0;0
191.951;0;0
192.002;0;0
192.051;0;0
192.102;0;0
192.151;0;0
192.201;0;0
192.251;0;0
192.301;0;0
192.351;0;0
192.401;0;0
192.451;0;0
192.501;0;0
192.551;0;0
192.602;0;0
192.651;0;0
192.701;0;0
192.752;0;0
192.801;0;0
192.851;0;0
192.901;0;0
192.951;0;0
193.002;0;0
193.051;0;0
193.101;0;0
193.151;0;0
193.201;0;0
193.252;0;0
193.301;0;0
193.351;0;0
193.401;0;0
193.451;0;0
193.501;0;0
193.551;0;0
193.601;0;0
193.651;0;0
193.702;0;0
193.751;0;0
193.802;0;0
193.852;0;0
193.901;0;0
193.951;0;0
194.002;0;0
194.051;0;0
194.101;0;0
194.151;0;0
194.201;0;0
194.251;0;0
194.301;0;0
194.351;0;0
194.401;0;0
194.451;0;0
194.502;0;0
194.551;0;0
194.601;0;0
194.651;0;0
194.701;0;0
194.752;0;0
194.801;0;0
194.851;0;0
194.901;0;0
194.951;0;0
195.002;0;0
195.051;130;0
195.1;130;21.83
195.151;130;21.83
195.201;130;21.83
195.251;130;122.94
195.301;130;122.94
195.351;130;122.94
195.401;130;129.18
195.451;130;129.18
195.501;130;129.18
195.551;130;129.62
195.601;130;129.62
195.651;130;129.62
195.701;130;129.62
195.751;130;129.62
195.801;130;129.62
195.851;130;129.62
195.901;130;129.62
195.951;130;129.62
196.001;130;129.18
196.051;130;129.18
196.101;130;129.18
196.151;130;129.62
196.201;130;129.62
196.251;130;129.62
196.301;130;129.62
196.352;130;129.62
196.401;130;129.62
196.452;130;129.62
196.501;130;129.62
196.551;130;129.62
196.601;130;130.07
196.651;130;130.07
196.701;130;130.07
196.752;130;129.62
196.801;130;129.62
196.851;130;129.62
196.901;130;130.07
196.952;130;130.07
197.001;130;130.07
197.051;130;130.07
197.101;130;130.07
197.151;130;130.07
197.201;130;129.62
197.251;130;129.62
197.301;130;129.62
197.351;130;130.07
197.401;130;130.07
197.451;130;130.07
197.501;130;130.07
197.551;130;130.07
197.601;130;130.07
197.651;130;130.07
197.702;130;130.07
197.752;130;130.07
197.801;130;130.07
197.851;130;130.07
197.901;130;130.07
197.951;130;130.07
198.001;130;130.07
198.051;130;130.07
198.101;130;130.07
198.151;130;130.07
198.202;130;130.07
198.251;130;130.51
198.301;130;130.51
198.351;130;130.51
198.401;130;130.07
198.451;130;130.07
198.502;130;130.07
198.551;130;130.07
198.602;130;130.07
198.652;130;130.07
198.701;130;130.07
198.751;130;130.07
198.802;130;130.07
198.851;130;130.07
198.901;130;130.07
198.951;130;130.07
199.001;130;130.51
199.052;130;130.51
199.101;130;130.51
199.151;130;130.07
199.201;130;130.07
199.251;130;130.07
199.301;130;130.07
199.351;130;130.07
199.401;130;130.07
199.451;130;130.07
199.501;130;130.07
199.551;130;130.07
199.601;130;130.51
199.651;130;130.51
199.701;130;130.51
199.752;130;130.07
199.801;130;130.07
199.851;130;130.07
199.901;130;130.07
199.951;130;130.07
200.001;130;130.07
200.051;0;130.07
200.103;0;130.07
200.151;0;130.07
200.202;0;110.47
200.252;0;110.47
200.302;0;110.47
200.352;0;74.83
200.402;0;74.83
200.453;0;74.83
200.503;0;43.65
200.552;0;43.65
200.601;0;43.65
200.651;0;17.82
200.702;0;17.82
200.751;0;17.82
200.801;0;2.23
200.851;0;2.23
200.901;0;2.23
200.951;0;0
201.002;0;0
201.051;0;0
201.101;0;0
201.151;0;0
201.201;0;0
201.251;0;0
201.301;0;0
201.351;0;0
201.4;0;0
201.451;0;0
201.501;0;0
201.551;0;0
201.601;0;0
201.651;0;0
201.701;0;0
201.751;0;0
201.802;0;0
201.851;0;0
201.901;0;0
201.952;0;0
202.002;0;0
202.051;0;0
202.101;0;0
202.151;0;0
202.201;0;0
202.251;0;0
202.301;0;0
202.352;0;0
202.401;0;0
202.451;0;0
202.502;0;0
202.552;0;0
202.601;0;0
202.651;0;0
202.701;0;0
202.751;0;0
202.801;0;0
202.851;0;0
202.901;0;0
202.951;0;0
203.002;0;0
203.052;0;0
203.101;0;0
203.151;0;0
203.201;0;0
203.252;0;0
203.301;0;0
203.351;0;0
203.401;0;0
203.451;0;0
203.501;0;0
203.551;0;0
203.601;0;0
203.651;0;0
203.701;0;0
203.751;0;0
203.802;0;0
203.851;0;0
203.901;0;0
203.951;0;0
204.002;0;0
204.051;0;0
204.101;0;0
204.151;0;0
204.202;0;0
204.251;0;0
204.301;0;0
204.351;0;0
204.401;0;0
204.451;0;0
204.501;0;0
204.551;0;0
204.601;0;0
204.65;0;0
204.701;0;0
204.751;0;0
204.801;0;0
204.851;0;0
204.901;0;0
204.951;0;0
205.001;0;0
205.051;130;0
205.1;130;0
205.15;130;60.58
205.201;130;60.58
205.251;130;60.58
205.301;130;127.4
205.351;130;127.4
205.401;130;127.4
205.451;130;129.62
205.501;130;129.62
205.551;130;129.62
205.601;130;129.62
205.651;130;129.62
205.701;130;129.62
205.751;130;129.62
205.801;130;129.62
205.851;130;129.62
205.901;130;129.62
205.952;130;129.62
206.001;130;129.62
206.051;130;129.62
206.101;130;129.62
206.151;130;129.62
206.201;130;129.62
206.252;130;129.62
206.301;130;129.62
206.351;130;130.07
206.401;130;130.07
206.451;130;130.07
206.502;130;129.62
206.551;130;129.62
206.601;130;129.62
206.651;130;129.62
206.702;130;129.62
206.752;130;129.62
206.802;130;129.62
206.851;130;129.62
206.901;130;129.62
206.951;130;130.07
207.001;130;130.07
207.051;130;130.07
207.101;130;130.07
207.151;130;130.07
207.201;130;130.07
207.251;130;129.62
207.301;130;129.62
207.351;130;129.62
207.401;130;130.07
207.452;130;130.07
207.501;130;130.07
207.551;130;130.07
207.601;130;130.07
207.651;130;130.07
207.701;130;130.07
207.752;130;130.07
207.801;130;130.07
207.851;130;129.62
207.901;130;129.62
207.951;130;129.62
208.001;130;130.07
208.051;130;130.07
208.101;130;130.07
208.151;130;130.07
208.201;130;130.07
208.251;130;130.07
208.301;130;130.07
208.351;130;130.07
208.401;130;130.07
208.451;130;130.07
208.501;130;130.07
208.551;130;130.07
208.601;130;130.51
208.652;130;130.51
208.701;130;130.51
208.752;130;130.07
208.801;130;130.07
208.851;130;130.07
208.901;130;130.07
208.952;130;130.07
209.001;130;130.07
209.052;130;130.07
209.101;130;130.07
209.151;130;130.07
209.201;130;130.51
209.251;130;130.51
209.302;130;130.51
209.351;130;130.07
209.401;130;130.07
209.451;130;130.07
209.501;130;130.07
209.551;130;130.07
209.602;130;130.07
209.651;130;130.07
209.701;130;130.07
209.751;130;130.07
209.801;130;130.07
209.851;130;130.07
209.901;130;130.07
209.951;130;130.51
210.002;130;130.51
210.051;0;130.51
210.101;0;127.84
210.152;0;127.84
210.202;0;127.84
210.252;0;98
210.302;0;98
210.351;0;98
210.401;0;63.7
210.452;0;63.7
210.501;0;63.7
210.551;0;35.19
210.601;0;35.19
210.652;0;35.19
210.702;0;10.69
210.752;0;10.69
210.801;0;10.69
210.851;0;0.45
210.901;0;0.45
210.951;0;0.45
211.001;0;0
211.051;0;0
211.101;0;0
211.15;0;0
211.201;0;0
211.251;0;0
211.301;0;0
211.351;0;0
211.401;0;0
211.451;0;0
211.501;0;0
211.553;0;0
211.602;0;0
211.65;0;0
211.701;0;0
211.752;0;0
211.801;0;0
211.851;0;0
211.901;0;0
211.952;0;0
212.001;0;0
212.051;0;0
212.102;0;0
212.151;0;0
212.201;0;0
212.252;0;0
212.301;0;0
212.351;0;0
212.401;0;0
212.451;0;0
212.502;0;0
212.551;0;0
212.602;0;0
212.651;0;0
212.701;0;0
212.751;0;0
212.801;0;0
212.851;0;0
212.901;0;0
212.951;0;0
213.002;0;0
213.051;0;0
213.101;0;0
213.151;0;0
213.201;0;0
213.252;0;0
213.301;0;0
213.351;0;0
213.4;0;0
213.451;0;0
213.501;0;0
213.551;0;0
213.601;0;0
213.651;0;0
213.701;0;0
213.751;0;0
213.801;0;0
213.851;0;0
213.901;0;0
213.951;0;0
214.001;0;0
214.051;0;0
214.101;0;0
214.151;0;0
214.201;0;0
214.251;0;0
214.301;0;0
214.351;0;0
214.401;0;0
214.45;0;0
214.501;0;0
214.551;0;0
214.601;0;0
214.65;0;0
214.701;0;0
214.751;0;0
214.801;0;0
214.85;0;0
214.901;0;0
214.951;0;0
215.001;0;0
215.051;130;0
215.1;130;0
215.149;130;0
215.2;130;102.45
215.251;130;102.45
215.301;130;102.45
215.351;130;128.73
215.401;130;128.73
215.451;130;128.73
215.501;130;129.62
215.55;130;129.62
215.601;130;129.62
215.651;130;129.62
215.701;130;129.62
215.751;130;129.62
215.801;130;129.62
215.851;130;129.62
215.901;130;129.62
215.951;130;130.07
216.001;130;130.07
216.051;130;130.07
216.1;130;129.62
216.15;130;129.62
216.201;130;129.62
216.251;130;130.07
216.301;130;130.07
216.351;130;130.07
216.401;130;129.62
216.451;130;129.62
216.501;130;129.62
216.551;130;129.62
216.6;130;129.62
216.651;130;129.62
216.701;130;129.62
216.751;130;129.62
216.801;130;129.62
216.851;130;129.62
216.901;130;129.62
216.95;130;129.62
217.001;130;130.07
217.051;130;130.07
217.1;130;130.07
217.151;130;129.62
217.2;130;129.62
217.251;130;129.62
217.301;130;130.07
217.351;130;130.07
217.401;130;130.07
217.451;130;129.62
217.501;130;129.62
217.551;130;129.62
217.6;130;130.07
217.65;130;130.07
217.701;130;130.07
217.751;130;129.62
217.801;130;129.62
217.851;130;129.62
217.901;130;130.07
217.951;130;130.07
218.001;130;130.07
218.051;130;129.62
218.101;130;129.62
218.15;130;129.62
218.201;130;129.62
218.251;130;129.62
218.302;130;129.62
218.352;130;130.07
218.401;130;130.07
218.452;130;130.07
218.503;130;130.07
218.552;130;130.07
218.602;130;130.07
218.651;130;129.62
218.702;130;129.62
218.752;130;129.62
218.801;130;130.07
218.853;130;130.07
218.902;130;130.07
218.952;130;129.62
219.002;130;129.62
219.052;130;129.62
219.102;130;130.07
219.151;130;130.07
219.202;130;130.07
219.252;130;129.62
219.302;130;129.62
219.352;130;129.62
219.402;130;130.07
219.452;130;130.07
219.502;130;130.07
219.552;130;129.62
219.602;130;129.62
219.652;130;129.62
219.701;130;130.07
219.753;130;130.07
219.801;130;130.07
219.852;130;130.07
219.902;130;130.07
219.952;130;130.07
220.002;130;129.62
220.052;0;129.62
220.104;0;129.62
220.154;0;121.16
220.203;0;121.16
220.253;0;121.16
220.302;0;85.97
220.352;0;85.97
220.402;0;85.97
220.453;0;53.45
220.502;0;53.45
220.552;0;53.45
220.602;0;26.28
220.652;0;26.28
220.703;0;26.28
220.752;0;5.35
220.802;0;5.35
220.851;0;5.35
220.901;0;0
220.952;0;0
221.002;0;0
221.052;0;0
221.101;0;0
221.152;0;0
221.202;0;0
221.252;0;0
221.302;0;0
221.352;0;0
221.402;0;0
221.452;0;0
221.502;0;0
221.551;0;0
221.602;0;0
221.652;0;0
221.703;0;0
221.751;0;0
221.802;0;0
221.852;0;0
221.902;0;0
221.951;0;0
222.002;0;0
222.052;0;0
222.102;0;0
222.152;0;0
222.203;0;0
222.253;0;0
222.302;0;0
222.351;0;0
222.402;0;0
222.452;0;0
222.502;0;0
222.552;0;0
222.603;0;0
222.652;0;0
222.701;0;0
222.752;0;0
222.802;0;0
222.851;0;0
222.901;0;0
222.952;0;0
223.002;0;0
223.051;0;0
223.102;0;0
223.151;0;0
223.202;0;0
223.252;0;0
223.303;0;0
223.352;0;0
223.401;0;0
223.452;0;0
223.502;0;0
223.552;0;0
223.602;0;0
223.652;0;0
223.703;0;0
223.752;0;0
223.802;0;0
223.852;0;0
223.902;0;0
223.952;0;0
224.002;0;0
224.052;0;0
224.102;0;0
224.152;0;0
224.202;0;0
224.252;0;0
224.302;0;0
224.353;0;0
224.402;0;0
224.452;0;0
224.502;0;0
224.551;0;0
224.602;0;0
224.652;0;0
224.701;0;0
224.752;0;0
224.802;0;0
224.852;0;0
224.901;0;0
224.952;0;0
225.002;0;0
225.051;130;0
225.101;130;21.83
225.152;130;21.83
225.201;130;21.83
225.252;130;122.94
225.302;130;122.94
225.352;130;122.94
225.402;130;129.62
225.452;130;129.62
225.502;130;129.62
225.552;130;129.18
225.602;130;129.18
225.652;130;129.18
225.702;130;129.62
225.752;130;129.62
225.802;130;129.62
225.852;130;129.62
225.901;130;129.62
225.953;130;129.62
226.001;130;129.62
226.052;130;129.62
226.102;130;129.62
226.151;130;129.62
226.202;130;129.62
226.252;130;129.62
226.302;130;129.62
226.351;130;129.62
226.401;130;129.62
226.452;130;129.62
226.502;130;129.62
226.552;130;129.62
226.603;130;129.62
226.651;130;129.62
226.703;130;129.62
226.752;130;129.18
226.802;130;129.18
226.852;130;129.18
226.901;130;129.62
226.952;130;129.62
227.001;130;129.62
227.052;130;129.62
227.102;130;129.62
227.152;130;129.62
227.202;130;129.62
227.252;130;129.62
227.302;130;129.62
227.352;130;129.62
227.401;130;129.62
227.452;130;129.62
227.502;130;130.07
227.552;130;130.07
227.602;130;130.07
227.653;130;129.62
227.702;130;129.62
227.751;130;129.62
227.802;130;130.07
227.852;130;130.07
227.902;130;130.07
227.952;130;129.62
228.001;130;129.62
228.052;130;129.62
228.102;130;130.07
228.151;130;130.07
228.202;130;130.07
228.252;130;130.07
228.302;130;130.07
228.351;130;130.07
228.401;130;129.62
228.452;130;129.62
228.502;130;129.62
228.552;130;130.07
228.602;130;130.07
228.652;130;130.07
228.702;130;130.07
228.752;130;130.07
228.802;130;130.07
228.852;130;130.07
228.901;130;130.07
228.952;130;130.07
229.002;130;129.62
229.051;130;129.62
229.102;130;129.62
229.151;130;130.07
229.203;130;130.07
229.252;130;130.07
229.302;130;130.07
229.351;130;130.07
229.402;130;130.07
229.452;130;130.07
229.502;130;130.07
229.551;130;130.07
229.602;130;130.07
229.652;130;130.07
229.702;130;130.07
229.752;130;130.07
229.801;130;130.07
229.851;130;130.07
229.901;130;129.62
229.951;130;129.62
230.002;130;129.62
230.051;0;130.07
230.103;0;130.07
230.152;0;130.07
230.202;0;110.47
230.253;0;110.47
230.302;0;110.47
230.354;0;74.83
230.402;0;74.83
230.452;0;74.83
230.502;0;44.1
230.553;0;44.1
230.602;0;44.1
230.652;0;17.82
230.703;0;17.82
230.752;0;17.82
230.802;0;2.23
230.852;0;2.23
230.901;0;2.23
230.952;0;0
231.001;0;0
231.052;0;0
231.101;0;0
231.152;0;0
231.202;0;0
231.252;0;0
231.302;0;0
231.352;0;0
231.401;0;0
231.452;0;0
231.502;0;0
231.552;0;0
231.601;0;0
231.652;0;0
231.702;0;0
231.752;0;0
231.802;0;0
231.851;0;0
231.902;0;0
231.952;0;0
232.002;0;0
232.051;0;0
232.101;0;0
232.152;0;0
232.202;0;0
232.252;0;0
232.301;0;0
232.352;0;0
232.402;0;0
232.452;0;0
232.501;0;0
232.552;0;0
232.601;0;0
232.652;0;0
232.702;0;0
232.752;0;0
232.801;0;0
232.852;0;0
232.901;0;0
232.952;0;0
233.002;0;0
233.052;0;0
233.102;0;0
233.152;0;0
233.202;0;0
233.252;0;0
233.302;0;0
233.351;0;0
233.402;0;0
233.453;0;0
233.502;0;0
233.551;0;0
233.602;0;0
233.651;0;0
233.702;0;0
233.751;0;0
233.801;0;0
233.851;0;0
233.901;0;0
233.953;0;0
234.002;0;0
234.052;0;0
234.101;0;0
234.152;0;0
234.202;0;0
234.252;0;0
234.301;0;0
234.352;0;0
234.401;0;0
234.452;0;0
234.502;0;0
234.551;0;0
234.602;0;0
234.652;0;0
234.702;0;0
234.751;0;0
234.801;0;0
234.851;0;0
234.902;0;0
234.953;0;0
235.002;0;0
235.051;130;0
235.101;130;0
235.151;130;60.13
235.201;130;60.13
235.251;130;60.13
235.301;130;127.4
235.352;130;127.4
235.402;130;127.4
235.452;130;129.18
235.502;130;129.18
235.551;130;129.18
235.602;130;129.18
235.652;130;129.18
235.702;130;129.18
235.752;130;129.62
235.801;130;129.62
235.851;130;129.62
235.901;130;129.62
235.952;130;129.62
236.001;130;129.62
236.051;130;129.62
236.102;130;129.62
236.151;130;129.62
236.202;130;129.62
236.252;130;129.62
236.302;130;129.62
236.353;130;129.62
236.402;130;129.62
236.452;130;129.62
236.501;130;129.62
236.552;130;129.62
236.602;130;129.62
236.652;130;129.62
236.703;130;129.62
236.752;130;129.62
236.802;130;129.62
236.851;130;129.62
236.901;130;129.62
236.952;130;129.62
237.001;130;129.62
237.051;130;129.62
237.102;130;129.62
237.152;130;129.62
237.202;130;129.62
237.252;130;129.18
237.302;130;129.18
237.351;130;129.18
237.401;130;129.62
237.452;130;129.62
237.502;130;129.62
237.552;130;129.62
237.602;130;129.62
237.652;130;129.62
237.702;130;129.62
237.751;130;129.62
237.801;130;129.62
237.852;130;129.62
237.901;130;129.62
237.952;130;129.62
238.002;130;129.62
238.051;130;129.62
238.101;130;129.62
238.151;130;129.62
238.202;130;129.62
238.252;130;129.62
238.301;130;129.62
238.351;130;129.62
238.401;130;129.62
238.453;130;129.62
238.502;130;129.62
238.552;130;129.62
238.601;130;130.07
238.651;130;130.07
238.702;130;130.07
238.752;130;129.62
238.802;130;129.62
238.851;130;129.62
238.901;130;129.62
238.952;130;129.62
239.002;130;129.62
239.051;130;129.62
239.101;130;129.62
239.152;130;129.62
239.202;130;130.07
239.252;130;130.07
239.302;130;130.07
239.352;130;129.62
239.401;130;129.62
239.452;130;129.62
239.502;130;130.07
239.551;130;130.07
239.601;130;130.07
239.651;130;129.62
239.702;130;129.62
239.752;130;129.62
239.801;130;130.07
239.851;130;130.07
239.903;130;130.07
239.952;130;129.62
240.001;130;129.62
240.051;0;129.62
240.103;0;127.84
240.152;0;127.84
240.203;0;127.84
240.253;0;98
240.301;0;98
240.352;0;98
240.402;0;63.7
240.453;0;63.7
240.502;0;63.7
240.552;0;35.19
240.602;0;35.19
240.652;0;35.19
240.702;0;10.69
240.752;0;10.69
240.802;0;10.69
240.853;0;0.45
240.901;0;0.45
240.952;0;0.45
241.002;0;0
241.051;0;0
241.101;0;0
241.151;0;0
241.202;0;0
241.251;0;0
241.301;0;0
241.352;0;0
241.402;0;0
241.452;0;0
241.502;0;0
241.552;0;0
241.602;0;0
241.652;0;0
241.702;0;0
241.752;0;0
241.802;0;0
241.851;0;0
241.901;0;0
241.952;0;0
242.001;0;0
242.052;0;0
242.102;0;0
242.151;0;0
242.203;0;0
242.252;0;0
242.302;0;0
242.352;0;0
242.402;0;0
242.452;0;0
242.502;0;0
242.551;0;0
242.601;0;0
242.651;0;0
242.702;0;0
242.752;0;0
242.802;0;0
242.852;0;0
242.901;0;0
242.952;0;0
243.002;0;0
243.051;0;0
243.101;0;0
243.152;0;0
243.203;0;0
243.252;0;0
243.302;0;0
243.353;0;0
243.401;0;0
243.452;0;0
243.503;0;0
243.552;0;0
243.602;0;0
243.652;0;0
243.702;0;0
243.751;0;0
243.802;0;0
243.852;0;0
243.901;0;0
243.952;0;0
244.002;0;0
244.052;0;0
244.102;0;0
244.151;0;0
244.202;0;0
244.252;0;0
244.301;0;0
244.352;0;0
244.401;0;0
244.452;0;0
244.502;0;0
244.552;0;0
244.601;0;0
244.651;0;0
244.703;0;0
244.752;0;0
244.801;0;0
244.851;0;0
244.902;0;0
244.952;0;0
245.002;0;0
245.052;130;0
245.101;130;0
245.15;130;0
245.201;130;102.01
245.252;130;102.01
245.302;130;102.01
245.352;130;128.73
245.401;130;128.73
245.452;130;128.73
245.501;130;129.18
245.552;130;129.18
245.601;130;129.18
245.651;130;129.62
245.702;130;129.62
245.752;130;129.62
245.802;130;129.62
245.852;130;129.62
245.902;130;129.62
245.952;130;129.62
246.002;130;129.62
246.051;130;129.62
246.101;130;129.62
246.151;130;129.62
246.202;130;129.62
246.252;130;129.62
246.301;130;129.62
246.351;130;129.62
246.401;130;129.62
246.452;130;129.62
246.502;130;129.62
246.552;130;129.62
246.601;130;129.62
246.652;130;129.62
246.703;130;129.62
246.753;130;129.62
246.802;130;129.62
246.852;130;129.62
246.902;130;129.62
246.953;130;129.62
247.002;130;129.62
247.051;130;129.62
247.101;130;129.62
247.152;130;130.07
247.202;130;130.07
247.252;130;130.07
247.302;130;129.62
247.351;130;129.62
247.401;130;129.62
247.452;130;129.62
247.502;130;129.62
247.553;130;129.62
247.602;130;129.62
247.652;130;129.62
247.702;130;129.62
247.752;130;130.07
247.802;130;130.07
247.851;130;130.07
247.902;130;129.62
247.952;130;129.62
248.002;130;129.62
248.051;130;129.62
248.102;130;129.62
248.152;130;129.62
248.203;130;129.62
248.252;130;129.62
248.302;130;129.62
248.352;130;130.07
248.401;130;130.07
248.451;130;130.07
248.501;130;129.62
248.551;130;129.62
248.602;130;129.62
248.651;130;130.07
248.702;130;130.07
248.752;130;130.07
248.801;130;130.07
248.851;130;130.07
248.902;130;130.07
248.951;130;129.62
249.002;130;129.62
249.052;130;129.62
249.102;130;130.07
249.151;130;130.07
249.202;130;130.07
249.251;130;130.07
249.302;130;130.07
249.351;130;130.07
249.401;130;129.62
249.452;130;129.62
249.502;130;129.62
249.551;130;130.07
249.602;130;130.07
249.652;130;130.07
249.702;130;130.07
249.751;130;130.07
249.801;130;130.07
249.852;130;130.07
249.901;130;130.07
249.952;130;130.07
250.002;130;130.07
250.051;0;130.07
250.103;0;130.07
250.152;0;121.16
250.202;0;121.16
250.252;0;121.16
250.302;0;85.97
250.353;0;85.97
250.402;0;85.97
250.453;0;53.9
250.502;0;53.9
250.552;0;53.9
250.602;0;26.73
250.652;0;26.73
250.702;0;26.73
250.752;0;5.79
250.801;0;5.79
250.851;0;5.79
250.901;0;0
250.952;0;0
251.001;0;0
251.051;0;0
251.101;0;0
251.151;0;0
251.202;0;0
251.252;0;0
251.301;0;0
251.351;0;0
251.401;0;0
251.452;0;0
251.502;0;0
251.551;0;0
251.602;0;0
251.651;0;0
251.702;0;0
251.751;0;0
251.801;0;0
251.852;0;0
251.902;0;0
251.952;0;0
252.002;0;0
252.052;0;0
252.101;0;0
252.151;0;0
252.202;0;0
252.251;0;0
252.305;0;0
252.351;0;0
252.401;0;0
252.451;0;0
252.502;0;0
252.551;0;0
252.601;0;0
252.652;0;0
252.702;0;0
252.751;0;0
252.802;0;0
252.852;0;0
252.902;0;0
252.953;0;0
253.001;0;0
253.051;0;0
253.101;0;0
253.151;0;0
253.202;0;0
253.251;0;0
253.302;0;0
253.352;0;0
253.401;0;0
253.452;0;0
253.501;0;0
253.551;0;0
253.602;0;0
253.651;0;0
253.702;0;0
253.751;0;0
253.801;0;0
253.851;0;0
253.902;0;0
253.952;0;0
254.001;0;0
254.052;0;0
254.102;0;0
254.151;0;0
254.202;0;0
254.252;0;0
254.302;0;0
254.351;0;0
254.402;0;0
254.452;0;0
254.502;0;0
254.551;0;0
254.601;0;0
254.651;0;0
254.702;0;0
254.751;0;0
254.802;0;0
254.852;0;0
254.902;0;0
254.952;0;0
255.002;0;0
255.051;130;0
255.1;130;21.38
255.15;130;21.38
255.201;130;21.38
255.251;130;122.5
255.301;130;122.5
255.351;130;122.5
255.401;130;128.73
255.451;130;128.73
255.501;130;128.73
255.551;130;129.18
255.602;130;129.18
255.652;130;129.18
255.701;130;129.18
255.752;130;129.18
255.801;130;129.18
255.852;130;129.62
255.901;130;129.62
255.952;130;129.62
256.001;130;129.18
256.051;130;129.18
256.101;130;129.18
256.152;130;129.62
256.202;130;129.62
256.251;130;129.62
256.301;130;129.18
256.352;130;129.18
256.401;130;129.18
256.452;130;129.62
256.502;130;129.62
256.551;130;129.62
256.602;130;129.62
256.651;130;129.62
256.702;130;129.62
256.752;130;129.62
256.802;130;129.62
256.851;130;129.62
256.902;130;129.62
256.952;130;129.62
257.002;130;129.62
257.052;130;129.62
257.101;130;129.62
257.151;130;129.62
257.202;130;129.62
257.251;130;129.62
257.301;130;129.62
257.351;130;130.07
257.401;130;130.07
257.452;130;130.07
257.501;130;129.62
257.551;130;129.62
257.601;130;129.62
257.651;130;129.62
257.702;130;129.62
257.751;130;129.62
257.801;130;130.07
257.851;130;130.07
257.901;130;130.07
257.952;130;130.07
258.002;130;130.07
258.052;130;130.07
258.102;130;129.62
258.151;130;129.62
258.202;130;129.62
258.252;130;130.07
258.302;130;130.07
258.352;130;130.07
258.401;130;130.07
258.452;130;130.07
258.501;130;130.07
258.551;130;130.07
258.601;130;130.07
258.651;130;130.07
258.702;130;130.07
258.752;130;130.07
258.802;130;130.07
258.852;130;129.62
258.901;130;129.62
258.952;130;129.62
259.001;130;129.62
259.051;130;129.62
259.101;130;129.62
259.151;130;130.07
259.202;130;130.07
259.252;130;130.07
259.301;130;129.62
259.351;130;129.62
259.402;130;129.62
259.452;130;130.07
259.501;130;130.07
259.551;130;130.07
259.602;130;130.07
259.651;130;130.07
259.702;130;130.07
259.751;130;130.07
259.802;130;130.07
259.851;130;130.07
259.901;130;130.07
259.952;130;130.07
260.002;130;130.07
260.051;0;130.07
260.103;0;130.07
260.152;0;130.07
260.203;0;110.92
260.253;0;110.92
260.303;0;110.92
260.352;0;74.83
260.402;0;74.83
260.452;0;74.83
260.502;0;44.54
260.552;0;44.54
260.602;0;44.54
260.652;0;18.26
260.702;0;18.26
260.752;0;18.26
260.802;0;2.23
260.851;0;2.23
260.901;0;2.23
260.952;0;0
261.001;0;0
261.052;0;0
261.101;0;0
261.152;0;0
261.202;0;0
261.252;0;0
261.301;0;0
261.352;0;0
261.401;0;0
261.452;0;0
261.502;0;0
261.551;0;0
261.602;0;0
261.651;0;0
261.702;0;0
261.751;0;0
261.802;0;0
261.852;0;0
261.902;0;0
261.952;0;0
262.002;0;0
262.052;0;0
262.101;0;0
262.151;0;0
262.202;0;0
262.252;0;0
262.301;0;0
262.352;0;0
262.401;0;0
262.452;0;0
262.501;0;0
262.552;0;0
262.601;0;0
262.652;0;0
262.702;0;0
262.751;0;0
262.801;0;0
262.851;0;0
262.901;0;0
262.952;0;0
263.001;0;0
263.051;0;0
263.101;0;0
263.152;0;0
263.202;0;0
263.252;0;0
263.301;0;0
263.352;0;0
263.402;0;0
263.452;0;0
263.502;0;0
263.552;0;0
263.602;0;0
263.651;0;0
263.702;0;0
263.751;0;0
263.801;0;0
263.851;0;0
263.902;0;0
263.952;0;0
264.001;0;0
264.052;0;0
264.101;0;0
264.151;0;0
264.202;0;0
264.252;0;0
264.301;0;0
264.351;0;0
264.402;0;0
264.451;0;0
264.502;0;0
264.551;0;0
264.601;0;0
264.651;0;0
264.702;0;0
264.752;0;0
264.801;0;0
264.852;0;0
264.901;0;0
264.952;0;0
265.002;0;0
265.052;130;0
265.1;130;0
265.15;130;59.69
265.201;130;59.69
265.251;130;59.69
265.301;130;127.4
265.352;130;127.4
265.401;130;127.4
265.452;130;129.18
265.502;130;129.18
265.551;130;129.18
265.601;130;129.18
265.651;130;129.18
265.702;130;129.18
265.752;130;129.62
265.801;130;129.62
265.852;130;129.62
265.901;130;129.62
265.952;130;129.62
266.002;130;129.62
266.051;130;129.18
266.102;130;129.18
266.151;130;129.18
266.202;130;129.62
266.252;130;129.62
266.301;130;129.62
266.351;130;129.18
266.401;130;129.18
266.451;130;129.18
266.501;130;129.62
266.551;130;129.62
266.601;130;129.62
266.651;130;129.62
266.702;130;129.62
266.752;130;129.62
266.802;130;129.62
266.851;130;129.62
266.901;130;129.62
266.951;130;129.62
267.001;130;129.62
267.051;130;129.62
267.102;130;129.62
267.151;130;129.62
267.202;130;129.62
267.251;130;130.07
267.301;130;130.07
267.351;130;130.07
267.401;130;129.62
267.451;130;129.62
267.501;130;129.62
267.552;130;129.62
267.602;130;129.62
267.651;130;129.62
267.702;130;130.07
267.752;130;130.07
267.802;130;130.07
267.851;130;129.62
267.901;130;129.62
267.951;130;129.62
268.002;130;130.07
268.051;130;130.07
268.102;130;130.07
268.151;130;129.62
268.202;130;129.62
268.252;130;129.62
268.301;130;130.07
268.352;130;130.07
268.402;130;130.07
268.451;130;130.07
268.501;130;130.07
268.551;130;130.07
268.602;130;129.62
268.652;130;129.62
268.702;130;129.62
268.751;130;130.07
268.801;130;130.07
268.851;130;130.07
268.901;130;130.07
268.952;130;130.07
269.001;130;130.07
269.051;130;130.07
269.102;130;130.07
269.152;130;130.07
269.202;130;130.07
269.251;130;130.07
269.301;130;130.07
269.351;130;130.07
269.401;130;130.07
269.451;130;130.07
269.501;130;130.07
269.553;130;130.07
269.601;130;130.07
269.652;130;130.07
269.702;130;130.07
269.752;130;130.07
269.801;130;130.07
269.852;130;130.07
269.901;130;130.07
269.952;130;130.07
270.001;130;130.07
270.051;0;130.07
270.103;0;128.29
270.152;0;128.29
270.202;0;128.29
270.253;0;98
270.302;0;98
270.351;0;98
270.402;0;64.14
270.452;0;64.14
270.501;0;64.14
270.551;0;35.19
270.601;0;35.19
270.651;0;35.19
270.702;0;11.14
270.752;0;11.14
270.802;0;11.14
270.851;0;0.89
270.901;0;0.89
270.952;0;0.89
271.002;0;0
271.051;0;0
271.101;0;0
271.152;0;0
271.202;0;0
271.251;0;0
271.302;0;0
271.352;0;0
271.401;0;0
271.452;0;0
271.502;0;0
271.551;0;0
271.602;0;0
271.651;0;0
271.702;0;0
271.752;0;0
271.802;0;0
271.852;0;0
271.901;0;0
271.952;0;0
272.002;0;0
272.051;0;0
272.101;0;0
272.151;0;0
272.203;0;0
272.252;0;0
272.301;0;0
272.351;0;0
272.401;0;0
272.452;0;0
272.502;0;0
272.552;0;0
272.602;0;0
272.651;0;0
272.702;0;0
272.751;0;0
272.801;0;0
272.852;0;0
272.901;0;0
272.951;0;0
273.002;0;0
273.051;0;0
273.101;0;0
273.151;0;0
273.202;0;0
273.251;0;0
273.302;0;0
273.351;0;0
273.401;0;0
273.452;0;0
273.502;0;0
273.551;0;0
273.601;0;0
273.652;0;0
273.702;0;0
273.752;0;0
273.802;0;0
273.852;0;0
273.902;0;0
273.952;0;0
274.002;0;0
274.052;0;0
274.101;0;0
274.151;0;0
274.202;0;0
274.251;0;0
274.301;0;0
274.351;0;0
274.401;0;0
274.452;0;0
274.502;0;0
274.551;0;0
274.602;0;0
274.651;0;0
274.702;0;0
274.752;0;0
274.801;0;0
274.851;0;0
274.901;0;0
274.951;0;0
275.001;0;0
275.051;130;0
275.101;130;0
275.15;130;0
275.2;130;101.56
275.252;130;101.56
275.301;130;101.56
275.351;130;128.73
275.401;130;128.73
275.452;130;128.73
275.502;130;129.18
275.551;130;129.18
275.601;130;129.18
275.651;130;129.62
275.702;130;129.62
275.751;130;129.62
275.802;130;129.18
275.852;130;129.18
275.901;130;129.18
275.952;130;129.62
276.002;130;129.62
276.052;130;129.62
276.102;130;129.62
276.152;130;129.62
276.202;130;129.62
276.251;130;129.62
276.301;130;129.62
276.351;130;129.62
276.401;130;129.62
276.451;130;129.62
276.501;130;129.62
276.551;130;130.07
276.602;130;130.07
276.652;130;130.07
276.701;130;129.62
276.752;130;129.62
276.802;130;129.62
276.851;130;129.62
276.901;130;129.62
276.952;130;129.62
277.001;130;130.07
277.051;130;130.07
277.101;130;130.07
277.151;130;129.62
277.202;130;129.62
277.252;130;129.62
277.301;130;130.07
277.351;130;130.07
277.401;130;130.07
277.452;130;130.07
277.501;130;130.07
277.551;130;130.07
277.602;130;130.07
277.651;130;130.07
277.702;130;130.07
277.751;130;130.07
277.801;130;130.07
277.851;130;130.07
277.901;130;130.07
277.952;130;130.07
278.001;130;130.07
278.052;130;130.07
278.101;130;130.07
278.151;130;130.07
278.202;130;130.07
278.252;130;130.07
278.301;130;130.07
278.352;130;130.07
278.402;130;130.07
278.451;130;130.07
278.502;130;130.07
278.552;130;130.07
278.601;130;130.07
278.651;130;130.07
278.702;130;130.07
278.751;130;130.07
278.802;130;130.07
278.851;130;130.07
278.902;130;130.07
278.952;130;130.07
279.001;130;130.07
279.051;130;130.07
279.101;130;130.51
279.151;130;130.51
279.202;130;130.51
279.251;130;130.07
279.301;130;130.07
279.351;130;130.07
279.401;130;130.07
279.452;130;130.07
279.501;130;130.07
279.551;130;130.07
279.602;130;130.07
279.651;130;130.07
279.702;130;130.51
279.752;130;130.51
279.801;130;130.51
279.852;130;130.07
279.902;130;130.07
279.952;130;130.07
280.001;130;130.07
280.052;0;130.07
280.102;0;130.07
280.152;0;121.61
280.202;0;121.61
280.252;0;121.61
280.302;0;86.42
280.352;0;86.42
280.402;0;86.42
280.452;0;53.9
280.502;0;53.9
280.552;0;53.9
280.603;0;26.73
280.652;0;26.73
280.702;0;26.73
280.752;0;5.35
280.801;0;5.35
280.851;0;5.35
280.901;0;0
280.951;0;0
281.001;0;0
281.051;0;0
281.102;0;0
281.151;0;0
281.202;0;0
281.251;0;0
281.301;0;0
281.352;0;0
281.402;0;0
281.452;0;0
281.501;0;0
281.551;0;0
281.602;0;0
281.651;0;0
281.702;0;0
281.751;0;0
281.801;0;0
281.851;0;0
281.901;0;0
281.951;0;0
282.002;0;0
282.051;0;0
282.102;0;0
282.151;0;0
282.201;0;0
282.251;0;0
282.302;0;0
282.352;0;0
282.401;0;0
282.452;0;0
282.502;0;0
282.551;0;0
282.602;0;0
282.652;0;0
282.702;0;0
282.752;0;0
282.802;0;0
282.852;0;0
282.901;0;0
282.951;0;0
283.001;0;0
283.051;0;0
283.101;0;0
283.151;0;0
283.201;0;0
283.251;0;0
283.301;0;0
283.351;0;0
283.401;0;0
283.452;0;0
283.501;0;0
283.551;0;0
283.601;0;0
283.651;0;0
283.702;0;0
283.752;0;0
283.802;0;0
283.852;0;0
283.901;0;0
283.952;0;0
284.001;0;0
284.051;0;0
284.102;0;0
284.151;0;0
284.202;0;0
284.252;0;0
284.302;0;0
284.352;0;0
284.401;0;0
284.452;0;0
284.502;0;0
284.551;0;0
284.601;0;0
284.651;0;0
284.701;0;0
284.752;0;0
284.801;0;0
284.851;0;0
284.902;0;0
284.952;0;0
285.001;0;0
285.051;130;0
285.1;130;21.38
285.151;130;21.38
285.201;130;21.38
285.252;130;122.94
285.301;130;122.94
285.351;130;122.94
285.401;130;129.18
285.452;130;129.18
285.501;130;129.18
285.551;130;129.18
285.601;130;129.18
285.652;130;129.18
285.702;130;129.62
285.751;130;129.62
285.801;130;129.62
285.852;130;129.62
285.901;130;129.62
285.952;130;129.62
286.002;130;129.62
286.051;130;129.62
286.102;130;129.62
286.151;130;129.62
286.202;130;129.62
286.252;130;129.62
286.301;130;129.62
286.352;130;129.62
286.402;130;129.62
286.452;130;129.62
286.502;130;129.62
286.551;130;129.62
286.601;130;129.62
286.651;130;129.62
286.702;130;129.62
286.752;130;129.62
286.801;130;129.62
286.852;130;129.62
286.901;130;129.62
286.952;130;129.62
287.001;130;129.62
287.051;130;129.62
287.102;130;129.62
287.152;130;129.62
287.202;130;129.62
287.252;130;129.62
287.301;130;129.62
287.351;130;129.62
287.401;130;129.62
287.451;130;129.62
287.501;130;130.07
287.551;130;130.07
287.601;130;130.07
287.651;130;130.07
287.702;130;130.07
287.752;130;130.07
287.801;130;129.62
287.851;130;129.62
287.901;130;129.62
287.952;130;130.07
288.002;130;130.07
288.051;130;130.07
288.101;130;130.07
288.152;130;130.07
288.202;130;130.07
288.251;130;130.07
288.302;130;130.07
288.351;130;130.07
288.401;130;130.07
288.451;130;130.07
288.501;130;130.07
288.551;130;130.07
288.601;130;130.07
288.651;130;130.07
288.702;130;130.51
288.752;130;130.51
288.802;130;130.51
288.851;130;130.07
288.901;130;130.07
288.952;130;130.07
289.001;130;130.07
289.051;130;130.07
289.101;130;130.07
289.151;130;130.07
289.202;130;130.07
289.251;130;130.07
289.301;130;130.51
289.351;130;130.51
289.401;130;130.51
289.452;130;130.07
289.501;130;130.07
289.551;130;130.07
289.601;130;130.07
289.651;130;130.07
289.701;130;130.07
289.752;130;130.07
289.801;130;130.07
289.851;130;130.07
289.901;130;130.51
289.952;130;130.51
290.001;130;130.51
290.051;0;130.07
290.102;0;130.07
290.152;0;130.07
290.202;0;110.47
290.252;0;110.47
290.302;0;110.47
290.352;0;74.39
290.401;0;74.39
290.452;0;74.39
290.502;0;44.54
290.551;0;44.54
290.602;0;44.54
290.652;0;17.82
290.702;0;17.82
290.752;0;17.82
290.802;0;2.23
290.851;0;2.23
290.901;0;2.23
290.951;0;0
291.001;0;0
291.052;0;0
291.101;0;0
291.152;0;0
291.202;0;0
291.252;0;0
291.301;0;0
291.351;0;0
291.401;0;0
291.452;0;0
291.501;0;0
291.551;0;0
291.601;0;0
291.651;0;0
291.701;0;0
291.751;0;0
291.801;0;0
291.851;0;0
291.901;0;0
291.952;0;0
292.001;0;0
292.051;0;0
292.101;0;0
292.151;0;0
292.201;0;0
292.251;0;0
292.301;0;0
292.351;0;0
292.401;0;0
292.452;0;0
292.501;0;0
292.551;0;0
292.601;0;0
292.652;0;0
292.702;0;0
292.752;0;0
292.802;0;0
292.851;0;0
292.901;0;0
292.951;0;0
293.002;0;0
293.052;0;0
293.101;0;0
293.151;0;0
293.202;0;0
293.251;0;0
293.301;0;0
293.351;0;0
293.402;0;0
293.451;0;0
293.501;0;0
293.551;0;0
293.601;0;0
293.651;0;0
293.701;0;0
293.751;0;0
293.801;0;0
293.851;0;0
293.901;0;0
293.952;0;0
294.001;0;0
294.052;0;0
294.101;0;0
294.151;0;0
294.201;0;0
294.251;0;0
294.301;0;0
294.351;0;0
294.401;0;0
294.451;0;0
294.501;0;0
294.551;0;0
294.601;0;0
294.651;0;0
294.701;0;0
294.751;0;0
294.801;0;0
294.851;0;0
294.901;0;0
294.951;0;0
295.002;0;0
295.051;130;0
295.1;130;0
295.15;130;60.58
295.201;130;60.58
295.251;130;60.58
295.301;130;127.84
295.351;130;127.84
295.401;130;127.84
295.451;130;129.18
295.501;130;129.18
295.552;130;129.18
295.601;130;129.62
295.651;130;129.62
295.701;130;129.62
295.751;130;129.18
295.801;130;129.18
295.851;130;129.18
295.901;130;129.62
295.951;130;129.62
296.001;130;129.62
296.051;130;129.62
296.101;130;129.62
296.151;130;129.62
296.202;130;130.07
296.251;130;130.07
296.301;130;130.07
296.351;130;129.62
296.401;130;129.62
296.451;130;129.62
296.501;130;129.62
296.551;130;129.62
296.601;130;129.62
296.651;130;130.07
296.702;130;130.07
296.753;130;130.07
296.801;130;129.62
296.851;130;129.62
296.901;130;129.62
296.952;130;129.62
297.001;130;129.62
297.051;130;129.62
297.101;130;130.07
297.151;130;130.07
297.201;130;130.07
297.251;130;129.62
297.301;130;129.62
297.351;130;129.62
297.401;130;129.62
297.451;130;129.62
297.502;130;129.62
297.551;130;129.62
297.601;130;129.62
297.651;130;129.62
297.701;130;129.62
297.751;130;129.62
297.801;130;129.62
297.851;130;130.07
297.901;130;130.07
297.952;130;130.07
298.001;130;129.62
298.051;130;129.62
298.101;130;129.62
298.151;130;130.07
298.202;130;130.07
298.251;130;130.07
298.301;130;129.62
298.351;130;129.62
298.402;130;129.62
298.452;130;130.07
298.502;130;130.07
298.552;130;130.07
298.602;130;129.62
298.652;130;129.62
298.702;130;129.62
298.751;130;130.07
298.801;130;130.07
298.851;130;130.07
298.901;130;129.62
298.953;130;129.62
299.002;130;129.62
299.052;130;130.07
299.101;130;130.07
299.151;130;130.07
299.202;130;130.07
299.252;130;130.07
299.302;130;130.07
299.351;130;129.62
299.401;130;129.62
299.451;130;129.62
299.501;130;130.07
299.552;130;130.07
299.602;130;130.07
299.652;130;130.07
299.702;130;130.07
299.752;130;130.07
299.802;130;129.62
299.852;130;129.62
299.901;130;129.62
299.952;130;129.62
300.002;130;129.62
